hippo_id,smiles,inchikey,required_amount_mg,quoted_amount,quote_currency,quote_price,quote_lead_time_days,quote_supplier,quote_catalogue,quote_entry,quoted_smiles,quoted_purity,num_reaction_dependencies,num_product_dependencies,reaction_dependencies,product_dependencies,chemistry_types,scaffold_series
6863,CC(O)CCl,YYTSGNJTASLUOY-UHFFFAOYSA-N,5.0,100.0,EUR,18.0,10,Enamine,Global catalog,EN300-39011,CC(O)CCl,,5,5,"[4458, 13556, 15352, 15445, 16386]","[318, 332, 7003, 18661, 19602]",Nucleophilic_substitution_with_amine,"[318, 412]"
18481,NCc1cccc(Cn2cnc3ccccc32)c1,RCSBTARKNQPCPD-UHFFFAOYSA-N,20.0,50.0,EUR,63.0,2,Enamine,EU stock,EN300-52655,Cl.Cl.NCc1cccc(Cn2cnc3ccccc32)c1,,20,20,"[15352, 15353, 15354, 15356, 15377, 15399, 15402, 15408, 15410, 15414, 15415, 15416, 15488, 15563, 15611, 15634, 15636, 15677, 15840, 16066]","[318, 18569, 18570, 18572, 18593, 18615, 18618, 18624, 18626, 18630, 18631, 18632, 18704, 18779, 18827, 18850, 18852, 18893, 19056, 19282]",Nucleophilic_substitution_with_amine,[318]
16598,NCc1cccnc1-n1cnc2ccccc21,GXJFRPGUUIVNAL-UHFFFAOYSA-N,20.0,100.0,EUR,230.0,10,Enamine,Global catalog,EN300-69431,Cl.Cl.NCc1cccnc1-n1cnc2ccccc21,,20,20,"[13556, 13557, 13559, 13562, 13564, 13566, 13580, 13613, 13616, 13618, 13626, 13639, 13685, 13713, 13744, 13766, 13823, 14044, 14063, 14450]","[332, 16686, 16688, 16691, 16693, 16695, 16709, 16742, 16745, 16747, 16755, 16768, 16814, 16842, 16873, 16895, 16952, 17173, 17192, 17579]",Nucleophilic_substitution_with_amine,[332]
3134,CC(O)CN,HXKKHQJGJAFBHI-UHFFFAOYSA-N,14.0,100.0,EUR,18.0,10,Enamine,Global catalog,EN300-117430,C[C@@H](O)CN,,14,14,"[7022, 7038, 7048, 7091, 7117, 7123, 7137, 7862, 7964, 8156, 11079, 11263, 11805, 12174]","[410, 411, 412, 413, 421, 9852, 9895, 9921, 10629, 10727, 10912, 14242, 14784, 15153]",Reductive_amination,"[412, 421]"
13945,O=Cc1nc2ccccc2n1C1CC1,CFERBSZRGSOXQU-UHFFFAOYSA-N,25.0,100.0,EUR,326.0,10,Enamine,Global catalog,EN300-45544,O=Cc1nc2ccccc2n1C1CC1,,25,25,"[11064, 11079, 11080, 11543, 11544, 11546, 11569, 11570, 11576, 11577, 11578, 11579, 11581, 11587, 11588, 11590, 11591, 11594, 11595, 11596, 11597, 11599, 11601, 11605, 11747]","[410, 14044, 14059, 14522, 14523, 14525, 14548, 14549, 14555, 14556, 14557, 14558, 14560, 14566, 14567, 14569, 14570, 14573, 14574, 14575, 14576, 14578, 14580, 14584, 14726]",Reductive_amination,[421]
9688,Cn1c(C=O)nc2cc(F)ccc21,OMNSOHIJXAYQPS-UHFFFAOYSA-N,38.0,100.0,EUR,292.0,10,Enamine,Global catalog,EN300-3043452,Cn1c(C=O)nc2cc(F)ccc21,,38,38,"[7038, 7039, 7040, 8476, 8480, 8481, 8512, 8514, 8516, 8519, 8520, 8521, 8522, 8525, 8526, 8533, 8534, 8535, 8536, 8537, 8538, 12550, 12551, 12552, 12554, 12558, 12559, 12561, 12562, 12564, 12565, 12567, 12568, 12575, 12578, 12581, 12583, 12585]","[411, 7301, 9843, 9844, 11217, 11221, 11222, 11251, 11253, 11255, 11258, 11259, 11260, 11261, 11264, 11265, 11270, 11271, 11272, 11273, 11274, 15566, 15567, 15568, 15570, 15574, 15575, 15577, 15578, 15580, 15581, 15583, 15584, 15591, 15594, 15597, 15599, 15601]",Reductive_amination,"[411, 412]"
9684,Cn1c(C=O)nc2ccccc21,SIRPHJCQZYVEES-UHFFFAOYSA-N,36.0,100.0,EUR,18.0,10,Enamine,Global catalog,EN300-51834,Cn1c(C=O)nc2ccccc21,,36,36,"[7022, 7027, 7028, 7147, 7148, 7150, 7152, 7156, 7157, 7158, 7159, 7163, 7168, 7170, 7176, 7178, 7197, 7199, 7203, 7210, 8317, 8319, 8336, 8338, 8339, 8341, 8342, 8345, 8346, 8347, 8349, 8351, 8423, 8425, 8465, 8473]","[412, 7108, 7189, 7223, 9832, 9833, 9947, 9948, 9950, 9952, 9956, 9957, 9958, 9959, 9963, 9968, 9970, 9976, 9977, 9996, 9998, 10002, 10009, 11068, 11085, 11087, 11088, 11090, 11093, 11094, 11095, 11097, 11099, 11168, 11207, 11215]",Reductive_amination,[412]
9709,Cn1c(C=O)nc2cc(Cl)ccc21,LIJXFEZWIFQFLT-UHFFFAOYSA-N,21.0,50.0,EUR,35.0,2,Enamine,EU stock,EN300-115629,Cn1c(C=O)nc2cc(Cl)ccc21,,21,21,"[7123, 7124, 7126, 7214, 7215, 7217, 7221, 7222, 7223, 7224, 7227, 7228, 7229, 7230, 7231, 7233, 7285, 7335, 7345, 7352, 7354]","[413, 7312, 9927, 9929, 10013, 10014, 10016, 10020, 10021, 10022, 10023, 10026, 10027, 10028, 10029, 10031, 10080, 10128, 10138, 10143, 10145]",Reductive_amination,[412]
9710,CCn1c(C=O)nc2ccccc21,ZIOUQTZLLSBGDM-UHFFFAOYSA-N,38.0,50.0,EUR,22.0,2,Enamine,EU stock,EN300-45541,CCn1c(C=O)nc2ccccc21,,38,38,"[7127, 7130, 7137, 7383, 7517, 7563, 7566, 7567, 7573, 7580, 7581, 7582, 7583, 7585, 7586, 7589, 7590, 7591, 7592, 7593, 12050, 12052, 12053, 12055, 12056, 12057, 12199, 12200, 12202, 12205, 12206, 12219, 12224, 12234, 12235, 12253, 12262, 12264]","[421, 7302, 9930, 9933, 10173, 10302, 10344, 10347, 10348, 10352, 10359, 10360, 10361, 10362, 10364, 10365, 10368, 10369, 10370, 10371, 15029, 15031, 15032, 15034, 15035, 15036, 15178, 15179, 15181, 15184, 15185, 15198, 15203, 15213, 15214, 15232, 15241, 15243]",Reductive_amination,"[412, 421]"
22130,O=C(O)CC(c1ccccc1)c1ccccc1,BZQGAPWJKAYCHR-UHFFFAOYSA-N,7.0,100.0,EUR,18.0,10,Enamine,Global catalog,EN300-20316,O=C(O)CC(c1ccccc1)c1ccccc1,,7,7,"[18774, 18848, 18857, 18866, 18872, 20170, 20276]","[554, 22394, 22403, 22412, 22418, 23716, 23822]",Amidation,[554]
22230,Nc1cccc2[nH]ccc12,LUNUNJFSHKSXGQ-UHFFFAOYSA-N,6.0,100.0,EUR,18.0,10,Enamine,Global catalog,EN300-61787,Nc1cccc2[nH]ccc12,,6,6,"[18774, 18775, 18817, 18826, 18828, 18832]","[554, 22321, 22363, 22372, 22374, 22378]",Amidation,[554]
8761,CC1CCC(C(C)(O)CN)CC1,ZTMIMKSAYWGSAU-UHFFFAOYSA-N,11.0,50.0,EUR,237.0,2,Enamine,EU stock,EN300-6764446,CC1CCC(C(C)(O)CN)CC1.Cl,,11,11,"[6041, 6577, 6594, 6603, 6606, 6611, 6619, 6627, 6628, 6638, 6644]","[973, 8834, 8841, 8862, 8870, 8871, 8878, 8882, 8894, 8904, 9466]",Nucleophilic_substitution_with_amine,[973]
9427,ClCc1cn2ccccc2n1,LBCREEUWXFNSAC-UHFFFAOYSA-N,3.0,50.0,EUR,20.0,2,Enamine,EU stock,EN300-11109,Cl.ClCc1cn2ccccc2n1,,3,3,"[6577, 6701, 6703]","[973, 8931, 8933]",Nucleophilic_substitution_with_amine,[973]
12068,OCc1cnc2sccn12,CGNHKTWBASPCLB-UHFFFAOYSA-N,2.0,50.0,EUR,165.0,2,Enamine,EU stock,EN300-1716639,OCc1cnc2sccn12,,2,2,"[9333, 9337]","[980, 12245]",Mitsunobu_reaction_with_amine_alcohol_and_thioalcohol,[980]
12159,COc1ccccc1OC(C)CN,BIWHLVXMIXGLJA-UHFFFAOYSA-N,6.0,50.0,EUR,129.0,2,Enamine,EU stock,EN300-93210,COc1ccccc1OC(C)CN,,6,6,"[9333, 9348, 9376, 9549, 9586, 9699]","[980, 12256, 12284, 12457, 12494, 12607]",Mitsunobu_reaction_with_amine_alcohol_and_thioalcohol,[980]
3043,Cc1nc2ccccc2n1CCBr,VCPOOQOJBVTOGU-UHFFFAOYSA-N,55.0,100.0,EUR,125.0,10,Enamine,Global catalog,EN300-45482,Br.Cc1nc2ccccc2n1CCBr,,55,55,"[1142, 1154, 1159, 2272, 2370, 2379, 2382, 2390, 2393, 2397, 2402, 28061, 28062, 28063, 28064, 28068, 28070, 28071, 28073, 28075, 28813, 28828, 28830, 28843, 28844, 28848, 28895, 28994, 29069, 29070, 29090, 29091, 29092, 29122, 29139, 29925, 29926, 29928, 29931, 29934, 29940, 29943, 29944, 29946, 29947, 29948, 29950, 29952, 29954, 29955, 29956, 29957, 29960, 29961, 29962]","[3556, 3568, 3573, 4686, 4784, 4793, 4796, 4804, 4807, 4811, 4816, 31983, 31984, 31985, 31986, 31990, 31992, 31993, 31995, 31997, 32735, 32750, 32752, 32765, 32766, 32770, 32817, 32916, 32991, 32992, 33012, 33013, 33014, 33044, 33068, 33853, 33854, 33856, 33859, 33862, 33868, 33871, 33872, 33874, 33875, 33876, 33878, 33880, 33882, 33883, 33884, 33885, 33888, 33889, 33890]",Nucleophilic_substitution_with_amine,"[843, 848]"
3148,CC(N)CO,BKMMTJMQCTUHRP-UHFFFAOYSA-N,1.0,100.0,EUR,18.0,10,Enamine,Global catalog,EN300-86282,C[C@H](N)CO,,1,1,[1142],[3556],Nucleophilic_substitution_with_amine,[848]
3147,NC1COC1,OJEOJUQOECNDND-UHFFFAOYSA-N,1.0,100.0,EUR,18.0,10,Enamine,Global catalog,EN300-49064,NC1COC1,,1,1,[1154],[3568],Nucleophilic_substitution_with_amine,[848]
3136,NC1CC1O,BPRCXDKVLIAUTK-UHFFFAOYSA-N,15.0,50.0,EUR,237.0,2,Enamine,EU stock,EN300-33211938,Cl.N[C@@H]1C[C@H]1O,,15,15,"[1159, 7027, 7039, 7047, 7092, 7122, 7124, 7130, 7886, 7965, 8155, 11080, 11262, 11804, 12175]","[3573, 9832, 9843, 9851, 9896, 9926, 9927, 9933, 10653, 10728, 10911, 14059, 14241, 14783, 15154]","Nucleophilic_substitution_with_amine, Reductive_amination","[411, 412, 421, 843, 848]"
3160,N#CC(N)CO,BOYRGCUYTXBPQH-UHFFFAOYSA-N,1.0,50.0,EUR,237.0,2,Enamine,EU stock,EN300-137306,Cl.N#CC(N)CO,,1,1,[2272],[4686],Nucleophilic_substitution_with_amine,[848]
3158,CCC(N)CO,JCBPETKZIGVZRE-UHFFFAOYSA-N,1.0,100.0,EUR,18.0,10,Enamine,Global catalog,EN300-157897,CC[C@H](N)CO,,1,1,[2370],[4784],Nucleophilic_substitution_with_amine,[848]
3183,NC(CO)CF,GEJAIMZWZDAYCL-UHFFFAOYSA-N,1.0,50.0,EUR,168.0,2,Enamine,EU stock,EN300-26638650,Cl.N[C@@H](CO)CF,,1,1,[2379],[4793],Nucleophilic_substitution_with_amine,[848]
3163,CC(N)C(=O)O,QNAYBMKLOCPYGJ-UHFFFAOYSA-N,1.0,100.0,EUR,18.0,10,Enamine,Global catalog,EN300-52621,C[C@H](N)C(=O)O,,1,1,[2382],[4796],Nucleophilic_substitution_with_amine,[848]
3185,NCC(O)CO,KQIGMPWTAHJUMN-UHFFFAOYSA-N,12.0,100.0,EUR,18.0,10,Enamine,Global catalog,EN300-50845,NCC(O)CO,,12,12,"[2390, 7197, 7233, 7261, 7361, 7580, 7843, 8476, 8683, 8752, 11543, 12017]","[4804, 9996, 10031, 10058, 10152, 10359, 10612, 11217, 11418, 11487, 14522, 14996]","Nucleophilic_substitution_with_amine, Reductive_amination","[411, 412, 421, 843]"
3188,CC(C)(N)CO,CBTVGIZVANVGBH-UHFFFAOYSA-N,1.0,100.0,EUR,18.0,10,Enamine,Global catalog,EN300-19785,CC(C)(N)CO,,1,1,[2393],[4807],Nucleophilic_substitution_with_amine,[848]
3175,CC(N)C(C)O,FERWBXLFSBWTDE-UHFFFAOYSA-N,12.0,50.0,EUR,77.0,2,Enamine,EU stock,EN300-72272,CC(N)C(C)O,,12,12,"[2397, 7210, 7231, 7251, 7363, 7582, 7911, 8534, 8668, 8730, 11546, 12019]","[4811, 10009, 10029, 10048, 10154, 10361, 10676, 11271, 11403, 11465, 14525, 14998]","Nucleophilic_substitution_with_amine, Reductive_amination","[411, 412, 421, 848]"
3180,NC(CO)CO,KJJPLEZQSCZCKE-UHFFFAOYSA-N,1.0,100.0,EUR,18.0,10,Enamine,Global catalog,EN300-84186,NC(CO)CO,,1,1,[2402],[4816],Nucleophilic_substitution_with_amine,[848]
6854,ClCC1CO1,BRLQWZUYTZBJKN-UHFFFAOYSA-N,6.0,100.0,EUR,18.0,10,Enamine,Global catalog,EN300-54611,ClC[C@H]1CO1,,6,6,"[4440, 4753, 13557, 15353, 15467, 16372]","[6985, 7298, 16686, 18569, 18683, 19588]",Nucleophilic_substitution_with_amine,"[318, 332, 412, 421]"
6909,CNCc1nc2ccccc2n1C,NCXZCKSFAVXJJR-UHFFFAOYSA-N,4.0,50.0,EUR,26.0,2,Enamine,EU stock,EN300-74680,CNCc1nc2ccccc2n1C.Cl.Cl,,4,4,"[4440, 4458, 4465, 4607]","[6985, 7003, 7010, 7152]",Nucleophilic_substitution_with_amine,[412]
6852,OC1CC1Cl,FPRZZQZXVVNHMP-UHFFFAOYSA-N,6.0,100.0,EUR,746.0,10,Enamine,Global catalog,EN300-706224,OC1CC1Cl,,6,6,"[4465, 4664, 13559, 15354, 15389, 16091]","[7010, 7209, 16688, 18570, 18605, 19307]",Nucleophilic_substitution_with_amine,"[318, 332, 412, 421]"
3216,CNCC(C)O,AEKHFLDILSDXBL-UHFFFAOYSA-N,10.0,50.0,EUR,54.0,2,Enamine,EU stock,EN300-55145,CNCC(C)O,,10,10,"[7228, 7249, 7366, 7593, 7914, 8538, 8648, 8711, 11570, 12022]","[7100, 7104, 7123, 7301, 7302, 7312, 11383, 11446, 14549, 15001]",Reductive_amination,"[411, 412, 421]"
9691,Cn1c(C=O)nc2c(Br)cccc21,ASNYHGBIYZZGDU-UHFFFAOYSA-N,21.0,100.0,EUR,292.0,10,Enamine,Global catalog,EN300-2447323,Cn1c(C=O)nc2c(Br)cccc21,,21,21,"[7045, 7047, 7048, 7290, 7292, 7294, 7296, 7302, 7304, 7307, 7308, 7322, 7336, 7361, 7362, 7363, 7364, 7365, 7366, 7367, 7370]","[7100, 9849, 9851, 9852, 10084, 10086, 10088, 10089, 10095, 10097, 10100, 10101, 10115, 10129, 10152, 10153, 10154, 10155, 10156, 10157, 10160]",Reductive_amination,[412]
9702,Cn1c(C=O)nc2ccc(Cl)cc21,VEHAYIARTMUDIZ-UHFFFAOYSA-N,21.0,50.0,EUR,84.0,2,Enamine,EU stock,EN300-122342,Cn1c(C=O)nc2ccc(Cl)cc21,,21,21,"[7091, 7092, 7095, 7237, 7238, 7239, 7240, 7247, 7249, 7250, 7251, 7252, 7261, 7263, 7264, 7265, 7266, 7267, 7268, 7275, 7276]","[7104, 9895, 9896, 9899, 10035, 10036, 10037, 10038, 10045, 10047, 10048, 10049, 10058, 10060, 10061, 10062, 10063, 10064, 10065, 10070, 10071]",Reductive_amination,[412]
9801,CNCC(C)(C)O,KYCZVVFGMGLNPL-UHFFFAOYSA-N,3.0,50.0,EUR,18.0,2,Enamine,EU stock,EN300-77367,CNCC(C)(C)O,,3,3,"[8425, 12262, 12581]","[7108, 15241, 15597]",Reductive_amination,"[411, 412, 421]"
9707,Cn1c(C=O)nc2cc(Br)ccc21,ZAJSAYQLLBKWQQ-UHFFFAOYSA-N,21.0,50.0,EUR,227.0,2,Enamine,EU stock,EN300-134717,Cn1c(C=O)nc2cc(Br)ccc21,,21,21,"[7117, 7122, 7135, 7843, 7844, 7899, 7905, 7906, 7907, 7910, 7911, 7912, 7913, 7914, 7915, 7919, 7920, 7921, 7925, 7927, 7928]","[7123, 9921, 9926, 9938, 10612, 10613, 10666, 10670, 10671, 10672, 10675, 10676, 10677, 10678, 10679, 10683, 10684, 10685, 10689, 10691, 10692]",Reductive_amination,[412]
6858,OC(CF)CCl,ZNKJYZHZWALQNX-UHFFFAOYSA-N,4.0,100.0,EUR,32.0,10,Enamine,Global catalog,EN300-1968342,OC(CF)CCl,,4,4,"[4607, 13564, 15356, 15700]","[7152, 16693, 18572, 18916]",Nucleophilic_substitution_with_amine,"[318, 332, 412]"
7501,CNCC(O)CO,WOMTYMDHLQTCHY-UHFFFAOYSA-N,3.0,100.0,EUR,18.0,10,Enamine,Global catalog,EN300-203696,CNCC(O)CO,,3,3,"[8317, 12052, 12552]","[7189, 15031, 15568]",Reductive_amination,"[411, 412, 421]"
6975,CCn1c(CNC)nc2ccccc21,NFQDHANZFKDQTR-UHFFFAOYSA-N,2.0,100.0,EUR,94.0,10,Enamine,Global catalog,EN300-58732,CCn1c(CNC)nc2ccccc21,,2,2,"[4664, 4753]","[7209, 7298]",Nucleophilic_substitution_with_amine,"[412, 421]"
9804,CCC(O)CNC,RDTCWQXQLWFJGY-UHFFFAOYSA-N,3.0,100.0,EUR,133.0,10,Enamine,Global catalog,EN300-1241275,CCC(O)CNC,,3,3,"[8342, 12234, 12564]","[7223, 15213, 15580]",Reductive_amination,"[411, 412, 421]"
9440,Cc1ccc2nc(CCl)cn2c1,PLRNFKAZHXWINP-UHFFFAOYSA-N,1.0,50.0,EUR,18.0,2,Enamine,EU stock,EN300-10842,Cc1ccc2nc(CCl)cn2c1.Cl,,1,1,[6611],[8834],Nucleophilic_substitution_with_amine,[973]
8732,Cc1cccc2nc(CBr)cn12,RFFDTLBTDYIVAL-UHFFFAOYSA-N,3.0,50.0,EUR,57.0,2,Enamine,EU stock,EN300-71631,Br.Cc1cccc2nc(CBr)cn12,,3,3,"[6041, 6372, 6374]","[8841, 9172, 9174]",Nucleophilic_substitution_with_amine,[973]
9441,Fc1cccn2cc(CCl)nc12,LTMCKRGRXKLJNT-UHFFFAOYSA-N,1.0,100.0,EUR,245.0,10,Enamine,Global catalog,EN300-760999,Fc1cccn2cc(CCl)nc12,,1,1,[6619],[8862],Nucleophilic_substitution_with_amine,[973]
9433,ClCc1nc2ccccn2c1Br,MBUGYLFFIDOVCW-UHFFFAOYSA-N,3.0,100.0,EUR,187.0,10,Enamine,Global catalog,EN300-1608600,Cl.ClCc1nc2ccccn2c1Br,,3,3,"[6594, 6786, 6788]","[8870, 9020, 9032]",Nucleophilic_substitution_with_amine,[973]
9447,ClCc1cn2cc(Cl)ccc2n1,DXVDJNHXCPDUIU-UHFFFAOYSA-N,3.0,50.0,EUR,23.0,2,Enamine,EU stock,EN300-11110,Cl.ClCc1cn2cc(Cl)ccc2n1,,3,3,"[6638, 6997, 7003]","[8871, 9140, 9151]",Nucleophilic_substitution_with_amine,[973]
9445,ClCc1cn2cccc(Br)c2n1,CVWXKKCCBKPWKV-UHFFFAOYSA-N,3.0,50.0,EUR,161.0,2,Enamine,EU stock,EN300-1587933,Cl.ClCc1cn2cccc(Br)c2n1,,3,3,"[6628, 6753, 6755]","[8878, 9507, 9509]",Nucleophilic_substitution_with_amine,[973]
9444,ClCc1cn2c(Cl)cccc2n1,REUDNXSIFYNMOE-UHFFFAOYSA-N,1.0,50.0,EUR,211.0,2,Enamine,EU stock,EN300-37473992,Cl.ClCc1cn2c(Cl)cccc2n1,,1,1,[6627],[8882],Nucleophilic_substitution_with_amine,[973]
9439,ClCc1cn2cc(Br)ccc2n1,YEXHHHNCGSIJLI-UHFFFAOYSA-N,3.0,100.0,EUR,40.0,10,Enamine,Global catalog,EN300-43417,Cl.ClCc1cn2cc(Br)ccc2n1,,3,3,"[6644, 6864, 6866]","[8894, 9567, 9569]",Nucleophilic_substitution_with_amine,[973]
9436,Cc1cccn2cc(CCl)nc12,JMNFYFVRZBKRMY-UHFFFAOYSA-N,1.0,50.0,EUR,29.0,2,Enamine,EU stock,EN300-10843,Cc1cccn2cc(CCl)nc12.Cl,,1,1,[6603],[8904],Nucleophilic_substitution_with_amine,[973]
8776,CC1(C)CCC(C(C)(O)CN)CC1,URVCHBZXYKUTLK-UHFFFAOYSA-N,7.0,50.0,EUR,297.0,2,Enamine,EU stock,EN300-7435095,CC1(C)CCC(C(C)(O)CN)CC1.Cl,,7,7,"[6372, 6701, 6753, 6786, 6864, 6900, 6997]","[8931, 9032, 9151, 9172, 9507, 9567, 9603]",Nucleophilic_substitution_with_amine,[973]
8784,CCC1CCC(C(C)(O)CN)CC1,CVVVCMOKCPUHDU-UHFFFAOYSA-N,7.0,50.0,EUR,208.0,2,Enamine,EU stock,EN300-7435093,CCC1CCC(C(C)(O)CN)CC1.Cl,,7,7,"[6374, 6703, 6755, 6788, 6866, 6898, 7003]","[8933, 9020, 9140, 9174, 9509, 9569, 9601]",Nucleophilic_substitution_with_amine,[973]
8728,BrCc1cn2ccccc2n1,JCGXENHQTFZZCJ-UHFFFAOYSA-N,1.0,50.0,EUR,154.0,2,Enamine,EU stock,EN300-7434232,Br.BrCc1cn2ccccc2n1,,1,1,[6375],[9175],Nucleophilic_substitution_with_amine,[973]
8820,NCC1(O)C2C3CC4C5C3CC2C5C41,GJPOCFPJGSMFHL-UHFFFAOYSA-N,1.0,100.0,EUR,320.0,10,Enamine,Global catalog,EN300-186951,Cl.NCC1(O)C2C3CC4C5C3CC2C5C41,,1,1,[6375],[9175],Nucleophilic_substitution_with_amine,[973]
9434,Fc1cccc2nc(CCl)cn12,JFIIICGKUFLQNF-UHFFFAOYSA-N,3.0,100.0,EUR,127.0,10,Enamine,Global catalog,EN300-45804402,Cl.Fc1cccc2nc(CCl)cn12,,3,3,"[6606, 6898, 6900]","[9466, 9601, 9603]",Nucleophilic_substitution_with_amine,[973]
3199,OC1CNC1,GMWFCJXSQQHBPI-UHFFFAOYSA-N,14.0,100.0,EUR,18.0,10,Enamine,Global catalog,EN300-66510,OC1CNC1,,14,14,"[7028, 7040, 7045, 7095, 7126, 7127, 7135, 7937, 7967, 8153, 11064, 11174, 11801, 12177]","[9833, 9844, 9849, 9899, 9929, 9930, 9938, 10700, 10730, 10909, 14044, 14153, 14780, 15156]",Reductive_amination,"[411, 412, 421]"
9785,NCC1(O)CC1,JXJORHGRCCODBV-UHFFFAOYSA-N,11.0,100.0,EUR,18.0,10,Enamine,Global catalog,EN300-134628,NCC1(O)CC1,,11,11,"[7147, 7275, 7285, 7308, 7567, 7899, 8535, 8691, 11590, 11936, 11983]","[9947, 10070, 10080, 10101, 10348, 10666, 11272, 11426, 14569, 14915, 14962]",Reductive_amination,"[411, 412, 421]"
7489,OC1CNOC1,BBWJIHMTJCJDKJ-UHFFFAOYSA-N,11.0,100.0,EUR,18.0,10,Enamine,Global catalog,EN300-207886,Cl.O[C@H]1CNOC1,,11,11,"[7148, 7276, 7307, 7335, 7566, 7907, 8525, 8692, 11605, 11935, 11982]","[9948, 10071, 10100, 10128, 10347, 10672, 11264, 11427, 14584, 14914, 14961]",Reductive_amination,"[411, 412, 421]"
1108,O=C1NCC1O,BYBSZKOGUBQJEE-UHFFFAOYSA-N,11.0,100.0,EUR,694.0,10,Enamine,Global catalog,EN300-131509,O=C1NCC1O,,11,11,"[7150, 7215, 7266, 7304, 7563, 7910, 8512, 8695, 11747, 11933, 11969]","[9950, 10014, 10063, 10097, 10344, 10675, 11251, 11430, 14726, 14912, 14948]",Reductive_amination,"[411, 412, 421]"
3150,NCC(O)CCl,CYJBWQFWXJKKMS-UHFFFAOYSA-N,14.0,100.0,EUR,18.0,10,Enamine,Global catalog,EN300-1660916,Cl.NC[C@@H](O)CCl,,14,14,"[7152, 7217, 7265, 7302, 7573, 7925, 8516, 8697, 11601, 11940, 11967, 13580, 15416, 15774]","[9952, 10016, 10062, 10095, 10352, 10689, 11255, 11432, 14580, 14919, 14946, 16709, 18632, 18990]","Reductive_amination, Nucleophilic_substitution_with_amine","[318, 332, 411, 412, 421]"
9789,C=CC(O)CN,VEPSIZZAILVTSD-UHFFFAOYSA-N,11.0,50.0,EUR,66.0,2,Enamine,EU stock,EN300-43379445,C=CC(O)CN.Cl,,11,11,"[7156, 7221, 7237, 7296, 7592, 7921, 8521, 8702, 11599, 11941, 11994]","[9956, 10020, 10035, 10089, 10371, 10685, 11260, 11437, 14578, 14920, 14973]",Reductive_amination,"[411, 412, 421]"
3165,NCC(O)CF,YNYGCUBTRXYATN-UHFFFAOYSA-N,11.0,50.0,EUR,153.0,2,Enamine,EU stock,EN300-1264911,Cl.NCC(O)CF,,11,11,"[7157, 7222, 7238, 7322, 7591, 7920, 8520, 8703, 11597, 11944, 12028]","[9957, 10021, 10036, 10115, 10370, 10684, 11259, 11438, 14576, 14923, 15007]",Reductive_amination,"[411, 412, 421]"
9790,COC(C)CN,UANWURKQKKYIGV-UHFFFAOYSA-N,11.0,50.0,EUR,31.0,2,Enamine,EU stock,EN300-299727,CO[C@H](C)CN.Cl,,11,11,"[7158, 7223, 7239, 7336, 7590, 7927, 8519, 8704, 11595, 11943, 12027]","[9958, 10022, 10037, 10129, 10369, 10691, 11258, 11439, 14574, 14922, 15006]",Reductive_amination,"[411, 412, 421]"
9791,C#CC(O)CN,XAWPLGYBQWZYRZ-UHFFFAOYSA-N,11.0,50.0,EUR,253.0,2,Enamine,EU stock,EN300-6762867,C#CC(O)CN.Cl,,11,11,"[7159, 7224, 7240, 7370, 7589, 7919, 8514, 8705, 8820, 11594, 12026]","[9959, 10023, 10038, 10160, 10368, 10683, 11253, 11440, 11555, 14573, 15005]",Reductive_amination,"[411, 412, 421]"
9781,COC1CNC1,AVPAYFOQPGPSCC-UHFFFAOYSA-N,10.0,100.0,EUR,18.0,10,Enamine,Global catalog,EN300-75420,COC1CNC1.Cl,,10,10,"[7163, 7268, 7294, 7352, 7905, 8481, 8724, 11577, 11957, 11986]","[9963, 10065, 10088, 10143, 10670, 11222, 11459, 14556, 14936, 14965]",Reductive_amination,"[411, 412, 421]"
9783,NCC1CCO1,QDEFNAHLCTUWAH-UHFFFAOYSA-N,11.0,100.0,EUR,37.0,10,Enamine,Global catalog,EN300-781099,NCC1CCO1,,11,11,"[7168, 7264, 7292, 7345, 7383, 7928, 8522, 8792, 11581, 11959, 11971]","[9968, 10061, 10086, 10138, 10173, 10692, 11261, 11527, 14560, 14938, 14950]",Reductive_amination,"[411, 412, 421]"
7466,OC1CCNC1,JHHZLHWJQPUNKB-UHFFFAOYSA-N,12.0,100.0,EUR,18.0,10,Enamine,Global catalog,EN300-67312,O[C@@H]1CCNC1,,12,12,"[7170, 7267, 7290, 7354, 7517, 7906, 8480, 8795, 11579, 11958, 11978, 29944]","[9970, 10064, 10084, 10145, 10302, 10671, 11221, 11530, 14558, 14937, 14957, 33872]","Reductive_amination, Nucleophilic_substitution_with_amine","[411, 412, 421, 843]"
3187,CC(C)(O)CN,LXQMHOKEXZETKB-UHFFFAOYSA-N,11.0,100.0,EUR,18.0,10,Enamine,Global catalog,EN300-68225,CC(C)(O)CN,,11,11,"[7176, 7227, 7247, 7367, 7586, 7915, 8526, 8649, 8709, 11591, 12024]","[9976, 10026, 10045, 10157, 10365, 10679, 11265, 11384, 11444, 14570, 15003]",Reductive_amination,"[411, 412, 421]"
3179,CC(O)C(N)=S,FFNZHNRBDNCHEM-UHFFFAOYSA-N,11.0,100.0,EUR,268.0,10,Enamine,Global catalog,EN300-6242036,CC(O)C(N)=S,,11,11,"[7178, 7230, 7250, 7364, 7583, 7912, 8536, 8667, 8729, 11569, 12020]","[9977, 10028, 10047, 10155, 10362, 10677, 11273, 11402, 11464, 14548, 14999]",Reductive_amination,"[411, 412, 421]"
3172,CCC(O)CN,KODLUXHSIZOKTG-UHFFFAOYSA-N,11.0,100.0,EUR,18.0,10,Enamine,Global catalog,EN300-94408,CCC(O)CN,,11,11,"[7199, 7214, 7252, 7362, 7581, 7844, 8533, 8669, 8751, 11544, 12018]","[9998, 10013, 10049, 10153, 10360, 10613, 11270, 11404, 11486, 14523, 14997]",Reductive_amination,"[411, 412, 421]"
1115,CC(O)C(N)=O,SXQFCVDSOLSHOQ-UHFFFAOYSA-N,11.0,100.0,EUR,18.0,10,Enamine,Global catalog,EN300-212052,C[C@@H](O)C(N)=O,,11,11,"[7203, 7229, 7263, 7365, 7585, 7913, 8537, 8666, 8728, 11588, 12021]","[10002, 10027, 10060, 10156, 10364, 10678, 11274, 11401, 11463, 14567, 15000]",Reductive_amination,"[411, 412, 421]"
9755,CCCn1c(C=O)nc2ccccc21,YQXBQNVSLZRMGK-UHFFFAOYSA-N,25.0,100.0,EUR,69.0,10,Enamine,Global catalog,EN300-45542,CCCn1c(C=O)nc2ccccc21,,25,25,"[7862, 7886, 7937, 11967, 11969, 11971, 11976, 11978, 11979, 11982, 11983, 11984, 11986, 11987, 11994, 12017, 12018, 12019, 12020, 12021, 12022, 12024, 12026, 12027, 12028]","[10629, 10653, 10700, 14946, 14948, 14950, 14955, 14957, 14958, 14961, 14962, 14963, 14965, 14966, 14973, 14996, 14997, 14998, 14999, 15000, 15001, 15003, 15005, 15006, 15007]",Reductive_amination,"[412, 421]"
9760,C=CCn1c(C=O)nc2ccccc21,OHNUVSLWAQTFNH-UHFFFAOYSA-N,25.0,100.0,EUR,31.0,10,Enamine,Global catalog,EN300-7411375,C=CCn1c(C=O)nc2ccccc21,,25,25,"[7964, 7965, 7967, 8688, 8690, 8691, 8692, 8695, 8697, 8702, 8703, 8704, 8705, 8709, 8711, 8724, 8725, 8728, 8729, 8730, 8751, 8752, 8792, 8794, 8795]","[10727, 10728, 10730, 11423, 11425, 11426, 11427, 11430, 11432, 11437, 11438, 11439, 11440, 11444, 11446, 11459, 11460, 11463, 11464, 11465, 11486, 11487, 11527, 11529, 11530]",Reductive_amination,"[412, 421]"
9767,CC(C)n1c(C=O)nc2ccccc21,GHWMKMLXYMLFPR-UHFFFAOYSA-N,21.0,50.0,EUR,18.0,2,Enamine,EU stock,EN300-40334,CC(C)n1c(C=O)nc2ccccc21,,21,21,"[8153, 8155, 8156, 8648, 8649, 8666, 8667, 8668, 8669, 8683, 8820, 11933, 11935, 11936, 11940, 11941, 11943, 11944, 11957, 11958, 11959]","[10909, 10911, 10912, 11383, 11384, 11401, 11402, 11403, 11404, 11418, 11555, 14912, 14914, 14915, 14919, 14920, 14922, 14923, 14936, 14937, 14938]",Reductive_amination,"[412, 421]"
9798,C#CCC(O)CN,ZVZGGDQXPNJDCH-UHFFFAOYSA-N,3.0,100.0,EUR,396.0,10,Enamine,Global catalog,EN300-297367,C#CCC(O)CN.Cl,,3,3,"[8319, 12050, 12554]","[11068, 15029, 15570]",Reductive_amination,"[411, 412, 421]"
9802,CCC(N)C(C)O,BKFGLDUWYUYHRF-UHFFFAOYSA-N,4.0,50.0,EUR,233.0,2,Enamine,EU stock,EN300-245366,CCC(N)C(C)O,,4,4,"[8336, 12202, 12559, 29070]","[11085, 15181, 15575, 32992]","Reductive_amination, Nucleophilic_substitution_with_amine","[411, 412, 421, 848]"
1157,CCC(O)C(N)=O,UUXHICUVBOTXQS-UHFFFAOYSA-N,3.0,50.0,EUR,81.0,2,Enamine,EU stock,EN300-127708,CCC(O)C(N)=O,,3,3,"[8338, 12200, 12568]","[11087, 15179, 15584]",Reductive_amination,"[411, 412, 421]"
7512,COCC(O)CN,IDSWHVZEQHESIJ-UHFFFAOYSA-N,3.0,50.0,EUR,47.0,2,Enamine,EU stock,EN300-77656,COCC(O)CN,,3,3,"[8339, 12199, 12567]","[11088, 15178, 15583]",Reductive_amination,"[411, 412, 421]"
1184,CC(C)(O)C(N)=O,DRYMMXUBDRJPDS-UHFFFAOYSA-N,3.0,100.0,EUR,18.0,10,Enamine,Global catalog,EN300-317038,CC(C)(O)C(N)=O,,3,3,"[8341, 12235, 12565]","[11090, 15214, 15581]",Reductive_amination,"[411, 412, 421]"
9807,CSCC(O)CN,KEIQKKPJCFAQSV-UHFFFAOYSA-N,3.0,50.0,EUR,348.0,2,Enamine,EU stock,EN300-7596466,CSC[C@@H](O)CN.Cl,,3,3,"[8345, 12224, 12578]","[11093, 15203, 15594]",Reductive_amination,"[411, 412, 421]"
9808,N#CCC(O)CN,AFSJSMGLWQBMPX-UHFFFAOYSA-N,3.0,100.0,EUR,316.0,10,Enamine,Global catalog,EN300-45216745,CS(=O)(=O)O.N#CC[C@@H](O)CN,,3,3,"[8346, 12219, 12561]","[11094, 15198, 15577]",Reductive_amination,"[411, 412, 421]"
1160,CNC(=O)C(C)O,BNWQAQKMWJQTQU-UHFFFAOYSA-N,3.0,50.0,EUR,73.0,2,Enamine,EU stock,EN300-191099,CNC(=O)C(C)O,,3,3,"[8347, 12057, 12562]","[11095, 15036, 15578]",Reductive_amination,"[411, 412, 421]"
9810,CCCC(O)CN,ZRUPXAZUXDFLTG-UHFFFAOYSA-N,3.0,50.0,EUR,73.0,2,Enamine,EU stock,EN300-75514,CCCC(O)CN,,3,3,"[8349, 12056, 12575]","[11097, 15035, 15591]",Reductive_amination,"[411, 412, 421]"
9812,CCC(O)C(C)N,JPGZDACJIPHKML-UHFFFAOYSA-N,4.0,50.0,EUR,268.0,2,Enamine,EU stock,EN300-64821,CCC(O)C(C)N,,4,4,"[8351, 12053, 12551, 28843]","[11099, 15032, 15567, 32765]","Reductive_amination, Nucleophilic_substitution_with_amine","[411, 412, 421, 848]"
1168,NCC(O)C(=O)O,BMYNFMYTOJXKLE-UHFFFAOYSA-N,3.0,100.0,EUR,18.0,10,Enamine,Global catalog,EN300-95550,NCC(O)C(=O)O,,3,3,"[8423, 12264, 12583]","[11168, 15243, 15599]",Reductive_amination,"[411, 412, 421]"
9817,NCC(O)C(F)F,RHVLBJPNWATWIM-UHFFFAOYSA-N,3.0,50.0,EUR,173.0,2,Enamine,EU stock,EN300-175160,Cl.NCC(O)C(F)F,,3,3,"[8465, 12253, 12585]","[11207, 15232, 15601]",Reductive_amination,"[411, 412, 421]"
9822,CC(O)C(N)CO,MUVQIIBPDFTEKM-UHFFFAOYSA-N,3.0,100.0,EUR,18.0,10,Enamine,Global catalog,EN300-226445,C[C@@H](O)[C@H](N)CO.Cl,,3,3,"[8473, 12206, 12558]","[11215, 15185, 15574]",Reductive_amination,"[411, 412, 421]"
9794,CC1(O)CNC1,LDLAEUFQUOXALI-UHFFFAOYSA-N,3.0,100.0,EUR,18.0,10,Enamine,Global catalog,EN300-113406,CC1(O)CNC1.Cl,,3,3,"[8688, 11578, 11987]","[11423, 14557, 14966]",Reductive_amination,"[412, 421]"
9793,CC1CNCO1,HBVZPVWFLGXUAU-UHFFFAOYSA-N,3.0,100.0,EUR,133.0,10,Enamine,Global catalog,EN300-6934967,CC1CNCO1,,3,3,"[8690, 11596, 11984]","[11425, 14575, 14963]",Reductive_amination,"[412, 421]"
9796,CC1NCC1O,QIFJASJJDSEUFV-UHFFFAOYSA-N,3.0,100.0,EUR,118.0,10,Enamine,Global catalog,EN300-7471076,CC1NCC1O.Cl,,3,3,"[8725, 11576, 11979]","[11460, 14555, 14958]",Reductive_amination,"[412, 421]"
9792,NC1CCC1O,WXKBWWIWJCCING-UHFFFAOYSA-N,4.0,50.0,EUR,107.0,2,Enamine,EU stock,EN300-26529104,Cl.N[C@@H]1CC[C@@H]1O,,4,4,"[8794, 11587, 11976, 28071]","[11529, 14566, 14955, 31993]","Reductive_amination, Nucleophilic_substitution_with_amine","[412, 421, 848]"
12163,COc1ccccc1OC1CNC1,HRDPFVMOJROTAD-UHFFFAOYSA-N,5.0,50.0,EUR,218.0,2,Enamine,EU stock,EN300-7395101,COc1ccccc1OC1CNC1.Cl,,5,5,"[9337, 9342, 9378, 9552, 9588]","[12245, 12250, 12286, 12460, 12496]",Mitsunobu_reaction_with_amine_alcohol_and_thioalcohol,[980]
12070,OCc1c(Cl)nc2sccn12,PWHRIJYPBNUZLZ-UHFFFAOYSA-N,3.0,100.0,EUR,169.0,10,Enamine,Global catalog,EN300-03016,OCc1c(Cl)nc2sccn12,,3,3,"[9342, 9348, 9446]","[12250, 12256, 12354]",Mitsunobu_reaction_with_amine_alcohol_and_thioalcohol,[980]
12074,Cc1nc2sccn2c1CO,RNCFSVSYFCIZPM-UHFFFAOYSA-N,4.0,50.0,EUR,71.0,2,Enamine,EU stock,EN300-64731,Cc1nc2sccn2c1CO,,4,4,"[9376, 9377, 9378, 9963]","[12284, 12285, 12286, 12871]",Mitsunobu_reaction_with_amine_alcohol_and_thioalcohol,[980]
12165,CC1(CN)COc2ccccc2O1,WLYCDJUUOAIBNZ-UHFFFAOYSA-N,4.0,50.0,EUR,208.0,2,Enamine,EU stock,EN300-90144,CC1(CN)COc2ccccc2O1,,4,4,"[9377, 9551, 9587, 9675]","[12285, 12459, 12495, 12583]",Mitsunobu_reaction_with_amine_alcohol_and_thioalcohol,[980]
12214,COc1ccc(Cl)cc1OC1CNC1,IIVOFUMVWIGQRU-UHFFFAOYSA-N,4.0,100.0,EUR,259.0,10,Enamine,Global catalog,EN300-45607238,COc1ccc(Cl)cc1OC1CNC1.Cl,,4,4,"[9446, 9963, 10889, 10938]","[12354, 12871, 13797, 13846]",Mitsunobu_reaction_with_amine_alcohol_and_thioalcohol,[980]
12080,CC(O)c1c(Cl)nc2sccn12,PNSGXXCGFMEHNT-UHFFFAOYSA-N,4.0,50.0,EUR,147.0,2,Enamine,EU stock,EN300-83869,CC(O)c1c(Cl)nc2sccn12,,4,4,"[9549, 9551, 9552, 10889]","[12457, 12459, 12460, 13797]",Mitsunobu_reaction_with_amine_alcohol_and_thioalcohol,[980]
12086,COc1nc2sccn2c1CO,KAFZURQKDNMDPC-UHFFFAOYSA-N,4.0,100.0,EUR,259.0,10,Enamine,Global catalog,EN300-27578,COc1nc2sccn2c1CO,,4,4,"[9586, 9587, 9588, 10938]","[12494, 12495, 12496, 13846]",Mitsunobu_reaction_with_amine_alcohol_and_thioalcohol,[980]
12095,Cc1cn2c(CO)c(C)nc2s1,JJMMPXPZBLFCGN-UHFFFAOYSA-N,2.0,50.0,EUR,84.0,2,Enamine,EU stock,EN300-23943,Cc1cn2c(CO)c(C)nc2s1,,2,2,"[9675, 9699]","[12583, 12607]",Mitsunobu_reaction_with_amine_alcohol_and_thioalcohol,[980]
13953,CC(C)Cn1c(C=O)nc2ccccc21,YSSSSYAZMZMSNB-UHFFFAOYSA-N,3.0,100.0,EUR,74.0,10,Enamine,Global catalog,EN300-236397,CC(C)Cn1c(C=O)nc2ccccc21,,3,3,"[11174, 11262, 11263]","[14153, 14241, 14242]",Reductive_amination,[421]
13986,CCCCn1c(C=O)nc2ccccc21,XCCVBLAZECLPMJ-UHFFFAOYSA-N,3.0,100.0,EUR,20.0,10,Enamine,Global catalog,EN300-38866,CCCCn1c(C=O)nc2ccccc21,,3,3,"[11801, 11804, 11805]","[14780, 14783, 14784]",Reductive_amination,[421]
14007,CCC(C)(O)CN,LHYVEOGDJNQNEW-UHFFFAOYSA-N,1.0,50.0,EUR,86.0,2,Enamine,EU stock,EN300-6730006,CCC(C)(O)CN.Cl,,1,1,[12055],[15034],Reductive_amination,[421]
14000,COCCn1c(C=O)nc2ccccc21,DWFAULYVAZKKPX-UHFFFAOYSA-N,3.0,50.0,EUR,218.0,2,Enamine,EU stock,EN300-4267900,COCCn1c(C=O)nc2ccccc21,,3,3,"[12174, 12175, 12177]","[15153, 15154, 15156]",Reductive_amination,[421]
9823,CNCC(O)CF,DAJBQHSZEOFNOD-UHFFFAOYSA-N,2.0,50.0,EUR,218.0,2,Enamine,EU stock,EN300-1651623,CNCC(O)CF,,2,2,"[12205, 12550]","[15184, 15566]",Reductive_amination,"[411, 421]"
6872,CC1OC1CCl,MMTOSBCMFDNOIY-UHFFFAOYSA-N,3.0,50.0,EUR,268.0,2,Enamine,EU stock,EN300-7434827,CC1OC1CCl,,3,3,"[13562, 15408, 15610]","[16691, 18624, 18826]",Nucleophilic_substitution_with_amine,"[318, 332]"
6864,OCC(O)CCl,SSZWWUDQMAHNAQ-UHFFFAOYSA-N,3.0,100.0,EUR,18.0,10,Enamine,Global catalog,EN300-2977546,OC[C@H](O)CCl,,3,3,"[13566, 15399, 16142]","[16695, 18615, 19358]",Nucleophilic_substitution_with_amine,"[318, 332]"
6897,CC(C)(O)CCl,JNOZGFXJZQXOSU-UHFFFAOYSA-N,3.0,100.0,EUR,18.0,10,Enamine,Global catalog,EN300-93821,CC(C)(O)CCl,,3,3,"[13613, 15377, 15675]","[16742, 18593, 18891]",Nucleophilic_substitution_with_amine,"[318, 332]"
6873,CC1(CCl)CO1,VVHFXJOCUKBZFS-UHFFFAOYSA-N,3.0,100.0,EUR,18.0,10,Enamine,Global catalog,EN300-86275,CC1(CCl)CO1,,3,3,"[13616, 15410, 15485]","[16745, 18626, 18701]",Nucleophilic_substitution_with_amine,"[318, 332]"
6871,COC(C)CCl,YSZGJULIUWQDME-UHFFFAOYSA-N,3.0,50.0,EUR,227.0,2,Enamine,EU stock,EN300-196504,COC(C)CCl,,3,3,"[13618, 15414, 15801]","[16747, 18630, 19017]",Nucleophilic_substitution_with_amine,"[318, 332]"
6898,CC(O)C(C)Cl,XKEHIUIIEXXHJX-UHFFFAOYSA-N,3.0,50.0,EUR,187.0,2,Enamine,EU stock,EN300-199266,CC(O)C(C)Cl,,3,3,"[13626, 15402, 16154]","[16755, 18618, 19370]",Nucleophilic_substitution_with_amine,"[318, 332]"
6856,CCC(O)CCl,VNBFUGOVQMFIRN-UHFFFAOYSA-N,3.0,50.0,EUR,165.0,2,Enamine,EU stock,EN300-225671,CCC(O)CCl,,3,3,"[13639, 15415, 16185]","[16768, 18631, 19401]",Nucleophilic_substitution_with_amine,"[318, 332]"
6904,CCCC(O)CCl,ZCUMNWDJLBLQKW-UHFFFAOYSA-N,3.0,50.0,EUR,165.0,2,Enamine,EU stock,EN300-109958,CCCC(O)CCl,,3,3,"[13685, 15636, 17313]","[16814, 18852, 20529]",Nucleophilic_substitution_with_amine,"[318, 332]"
9248,CC1(C)OC1CCl,CHKXVLMZDALGOS-UHFFFAOYSA-N,3.0,100.0,EUR,406.0,10,Enamine,Global catalog,EN300-318449,CC1(C)OC1CCl,,3,3,"[13713, 15677, 17027]","[16842, 18893, 20243]",Nucleophilic_substitution_with_amine,"[318, 332]"
1189,O=C(O)C(O)CCl,OSLCJYYQMKPZHU-UHFFFAOYSA-N,3.0,100.0,EUR,55.0,10,Enamine,Global catalog,EN300-85786,O=C(O)C(O)CCl,,3,3,"[13744, 15611, 17421]","[16873, 18827, 20637]",Nucleophilic_substitution_with_amine,"[318, 332]"
6883,ClCC1CCCO1,IVJLGIMHHWKRAN-UHFFFAOYSA-N,3.0,100.0,EUR,18.0,10,Enamine,Global catalog,EN300-17150,ClCC1CCCO1,,3,3,"[13766, 16066, 16716]","[16895, 19282, 19932]",Nucleophilic_substitution_with_amine,"[318, 332]"
16581,CC(Cl)C(C)(C)O,YYHQXKBKFKTDMP-UHFFFAOYSA-N,3.0,50.0,EUR,208.0,2,Enamine,EU stock,EN300-206402,CC(Cl)C(C)(C)O,,3,3,"[13823, 15634, 17359]","[16952, 18850, 20575]",Nucleophilic_substitution_with_amine,"[318, 332]"
6895,CC(C)C(O)CCl,OATUOZRGCOGQQF-UHFFFAOYSA-N,3.0,50.0,EUR,218.0,2,Enamine,EU stock,EN300-201149,CC(C)C(O)CCl,,3,3,"[14044, 15488, 17276]","[17173, 18704, 20492]",Nucleophilic_substitution_with_amine,"[318, 332]"
6877,ClCC1COCO1,IUDNGVFSUHFMCF-UHFFFAOYSA-N,3.0,50.0,EUR,97.0,2,Enamine,EU stock,EN300-249644,ClCC1COCO1,,3,3,"[14063, 15840, 16693]","[17192, 19056, 19909]",Nucleophilic_substitution_with_amine,"[318, 332]"
6886,N#CCC(O)CCl,LHBPNZDUNCZWFL-UHFFFAOYSA-N,3.0,100.0,EUR,18.0,10,Enamine,Global catalog,EN300-209292,N#CC[C@@H](O)CCl,,3,3,"[14450, 15563, 16569]","[17579, 18779, 19785]",Nucleophilic_substitution_with_amine,"[318, 332]"
18503,N=C(N)c1cccc(Cn2cnc3ccccc32)c1,SHSSVZDWPMVTHD-UHFFFAOYSA-N,20.0,50.0,EUR,79.0,2,Enamine,EU stock,EN300-59290,Cl.Cl.Cl.N=C(N)c1cccc(Cn2cnc3ccccc32)c1,,20,20,"[15389, 15445, 15467, 15485, 15610, 15675, 15700, 15774, 15801, 16142, 16154, 16185, 16569, 16693, 16716, 17027, 17276, 17313, 17359, 17421]","[18605, 18661, 18683, 18701, 18826, 18891, 18916, 18990, 19017, 19358, 19370, 19401, 19785, 19909, 19932, 20243, 20492, 20529, 20575, 20637]",Nucleophilic_substitution_with_amine,[318]
18547,NC(=NO)c1cccc(Cn2cnc3ccccc32)c1,QCCDHVZSESNVIQ-UHFFFAOYSA-N,3.0,50.0,EUR,43.0,2,Enamine,EU stock,EN300-58866,NC(=NO)c1cccc(Cn2cnc3ccccc32)c1,,3,3,"[16091, 16372, 16386]","[19307, 19588, 19602]",Nucleophilic_substitution_with_amine,[318]
22131,O=C(O)CC1c2ccccc2-c2ccccc21,WFSMJMTYIMFHPV-UHFFFAOYSA-N,7.0,100.0,EUR,18.0,10,Enamine,Global catalog,EN300-1833850,O=C(O)CC1c2ccccc2-c2ccccc21,,7,7,"[18775, 18786, 18789, 18797, 18807, 19840, 19861]","[22321, 22332, 22335, 22343, 22353, 23386, 23407]",Amidation,[554]
22240,Nc1cc(Br)cc2[nH]ccc12,KLQFZHDLYGMBCX-UHFFFAOYSA-N,6.0,50.0,EUR,18.0,2,Enamine,EU stock,EN300-43346816,Cl.Nc1cc(Br)cc2[nH]ccc12,,6,6,"[18786, 18866, 19020, 19286, 19929, 20101]","[22332, 22412, 22566, 22832, 23475, 23647]",Amidation,[554]
22243,Nc1c(O)ccc2[nH]ccc12,QYXWBHNPVJWQEK-UHFFFAOYSA-N,6.0,50.0,EUR,328.0,2,Enamine,EU stock,EN300-6740557,Nc1c(O)ccc2[nH]ccc12,,6,6,"[18789, 18848, 19037, 19302, 19938, 20109]","[22335, 22394, 22583, 22848, 23484, 23655]",Amidation,[554]
22251,Cc1cc2c(N)cccc2[nH]1,AFDSHAHBYKPZHN-UHFFFAOYSA-N,6.0,100.0,EUR,149.0,10,Enamine,Global catalog,EN300-325315,Cc1cc2c(N)cccc2[nH]1,,6,6,"[18797, 18872, 19031, 19279, 19947, 20118]","[22343, 22418, 22577, 22825, 23493, 23664]",Amidation,[554]
22259,Cn1ccc2c(N)cccc21,ODOJPFQQFJVNMD-UHFFFAOYSA-N,6.0,100.0,EUR,18.0,10,Enamine,Global catalog,EN300-65947,Cn1ccc2c(N)cccc21,,6,6,"[18807, 18857, 19034, 19299, 20106, 20277]","[22353, 22403, 22580, 22845, 23652, 23823]",Amidation,[554]
22144,CC(C(=O)O)C(c1ccccc1)c1ccccc1,CIQHVMOSBKCPLI-UHFFFAOYSA-N,5.0,100.0,EUR,264.0,10,Enamine,Global catalog,EN300-1865680,CC(C(=O)O)C(c1ccccc1)c1ccccc1,,5,5,"[18817, 19929, 19938, 19947, 20277]","[22363, 23475, 23484, 23493, 23823]",Amidation,[554]
22153,O=C(O)CC(c1ccccc1)c1ccccc1Cl,UXRBWQKJQGCCJE-UHFFFAOYSA-N,7.0,100.0,EUR,29.0,10,Enamine,Global catalog,EN300-7371437,O=C(O)CC(c1ccccc1)c1ccccc1Cl,,7,7,"[18826, 19279, 19286, 19299, 19302, 22285, 22354]","[22372, 22825, 22832, 22845, 22848, 25831, 25900]",Amidation,[554]
22155,O=C(O)CC1c2ccccc2Oc2ccccc21,WBWAHPQXFIMEOA-UHFFFAOYSA-N,5.0,50.0,EUR,89.0,2,Enamine,EU stock,EN300-35046,O=C(O)CC1c2ccccc2Oc2ccccc21,,5,5,"[18828, 19020, 19031, 19034, 19037]","[22374, 22566, 22577, 22580, 22583]",Amidation,[554]
22159,NC(C(=O)O)C(c1ccccc1)c1ccccc1,PECGVEGMRUZOML-UHFFFAOYSA-N,5.0,100.0,EUR,18.0,10,Enamine,Global catalog,EN300-6473070,N[C@@H](C(=O)O)C(c1ccccc1)c1ccccc1,,5,5,"[18832, 20101, 20106, 20109, 20118]","[22378, 23647, 23652, 23655, 23664]",Amidation,[554]
22269,COc1ccc2[nH]ccc2c1N,YTRLGXQPTYRYKK-UHFFFAOYSA-N,3.0,100.0,EUR,406.0,10,Enamine,Global catalog,EN300-172479,COc1ccc2[nH]ccc2c1N,,3,3,"[19840, 20170, 22354]","[23386, 23716, 25900]",Amidation,[554]
22287,CCNc1cccc2[nH]ccc12,WTJYQSSBJGWIFD-UHFFFAOYSA-N,3.0,100.0,EUR,284.0,10,Enamine,Global catalog,EN300-171118,CCNc1cccc2[nH]ccc12,,3,3,"[19861, 20276, 22285]","[23407, 23822, 25831]",Amidation,[554]
31588,C=CC(N)CO,RKBAYXYCMQLBCZ-UHFFFAOYSA-N,1.0,50.0,EUR,134.0,2,Enamine,EU stock,EN300-216631,C=CC(N)CO.Cl,,1,1,[28061],[31983],Nucleophilic_substitution_with_amine,[848]
31587,C#CC(N)CO,RSUWHQXXMTYZTI-UHFFFAOYSA-N,1.0,100.0,EUR,444.0,10,Enamine,Global catalog,EN300-233538,C#CC(N)CO.Cl,,1,1,[28062],[31984],Nucleophilic_substitution_with_amine,[848]
31586,COCC(C)N,NXMXETCTWNXSFG-UHFFFAOYSA-N,1.0,100.0,EUR,18.0,10,Enamine,Global catalog,EN300-129418,COC[C@@H](C)N,,1,1,[28063],[31985],Nucleophilic_substitution_with_amine,[848]
31589,CNC1COC1,JUIXJPRSYHSLHK-UHFFFAOYSA-N,1.0,100.0,EUR,19.0,10,Enamine,Global catalog,EN300-119041,CNC1COC1,,1,1,[28064],[31986],Nucleophilic_substitution_with_amine,[848]
31594,CC(N)C(=N)O,HQMLIDZJXVVKCW-UHFFFAOYSA-N,1.0,100.0,EUR,18.0,10,Enamine,Global catalog,EN300-60853,CC(N)C(N)=O,,1,1,[28068],[31990],Nucleophilic_substitution_with_amine,[848]
31593,NC1(CO)CC1,OBMKZINZPBARIK-UHFFFAOYSA-N,1.0,100.0,EUR,18.0,10,Enamine,Global catalog,EN300-117059,Cl.NC1(CO)CC1,,1,1,[28070],[31992],Nucleophilic_substitution_with_amine,[848]
31590,CC1(N)COC1,NQVWMPOQWBDSAI-UHFFFAOYSA-N,1.0,100.0,EUR,18.0,10,Enamine,Global catalog,EN300-197182,CC1(N)COC1,,1,1,[28073],[31995],Nucleophilic_substitution_with_amine,[848]
7486,COC1CC1N,PHESTWQJVUANKG-UHFFFAOYSA-N,1.0,50.0,EUR,328.0,2,Enamine,EU stock,EN300-7537233,CO[C@@H]1C[C@H]1N.Cl,,1,1,[28075],[31997],Nucleophilic_substitution_with_amine,"[843, 848]"
31612,C=CCC(N)CO,WCZXECFPTUZDMM-UHFFFAOYSA-N,1.0,50.0,EUR,24.0,2,Enamine,EU stock,EN300-7335335,C=CC[C@@H](N)CO,,1,1,[28813],[32735],Nucleophilic_substitution_with_amine,[848]
31613,NC(CO)C(F)F,MCLRDRPCZXKUTE-UHFFFAOYSA-N,1.0,50.0,EUR,328.0,2,Enamine,EU stock,EN300-7445188,Cl.NC(CO)C(F)F,,1,1,[28828],[32750],Nucleophilic_substitution_with_amine,[848]
31622,CC(N)C(C)(C)O,OVKDLPZRDQTOJW-UHFFFAOYSA-N,1.0,100.0,EUR,43.0,10,Enamine,Global catalog,EN300-746654,C[C@H](N)C(C)(C)O.Cl,,1,1,[28830],[32752],Nucleophilic_substitution_with_amine,[848]
31597,CCC(N)C(=O)O,QWCKQJZIFLGMSD-UHFFFAOYSA-N,1.0,100.0,EUR,18.0,10,Enamine,Global catalog,EN300-86145,CC[C@H](N)C(=O)O,,1,1,[28844],[32766],Nucleophilic_substitution_with_amine,[848]
31623,CC(C)(N)C(=O)O,FUOOLUPWFVMBKG-UHFFFAOYSA-N,1.0,100.0,EUR,18.0,10,Enamine,Global catalog,EN300-53414,CC(C)(N)C(=O)O,,1,1,[28848],[32770],Nucleophilic_substitution_with_amine,[848]
31616,CCCC(N)CO,ULAXUFGARZZKTK-UHFFFAOYSA-N,1.0,100.0,EUR,18.0,10,Enamine,Global catalog,EN300-297294,CCCC(N)CO,,1,1,[28895],[32817],Nucleophilic_substitution_with_amine,[848]
31621,C=CC(N)COC,MYBIZBWJJKFVQW-UHFFFAOYSA-N,1.0,50.0,EUR,218.0,2,Enamine,EU stock,EN300-140504,C=CC(N)COC,,1,1,[28994],[32916],Nucleophilic_substitution_with_amine,[848]
31603,CC(CO)N(C)N,QVDPFHZWKOSRDJ-UHFFFAOYSA-N,1.0,100.0,EUR,301.0,10,Enamine,Global catalog,EN300-258143,CC(CO)N(C)N,,1,1,[29069],[32991],Nucleophilic_substitution_with_amine,[848]
31601,NC(CS)C(=O)O,XUJNEKJLAYXESH-UHFFFAOYSA-N,1.0,100.0,EUR,18.0,10,Enamine,Global catalog,EN300-52823,N[C@@H](CS)C(=O)O,,1,1,[29090],[33012],Nucleophilic_substitution_with_amine,[848]
31602,CCC(C)(N)CO,QHKGDMNPQAZMKD-UHFFFAOYSA-N,1.0,50.0,EUR,40.0,2,Enamine,EU stock,EN300-60187,CCC(C)(N)CO,,1,1,[29091],[33013],Nucleophilic_substitution_with_amine,[848]
31598,C#CCC(N)CO,JCJYGCIFADHREE-UHFFFAOYSA-N,1.0,50.0,EUR,89.0,2,Enamine,EU stock,EN300-215264,C#CCC(N)CO,,1,1,[29092],[33014],Nucleophilic_substitution_with_amine,[848]
31599,NC(CO)CCF,DDKVDMVGGZCZEP-UHFFFAOYSA-N,1.0,100.0,EUR,359.0,10,Enamine,Global catalog,EN300-190505,Cl.NC(CO)CCF,,1,1,[29122],[33044],Nucleophilic_substitution_with_amine,[848]
7440,NCCCO,WUGQZFFCHPXWKQ-UHFFFAOYSA-N,1.0,100.0,EUR,18.0,10,Enamine,Global catalog,EN300-16772,NCCCO,,1,1,[29139],[33068],Nucleophilic_substitution_with_amine,[843]
7444,N=C(O)CCN,RSDOASZYYCOXIB-UHFFFAOYSA-N,1.0,100.0,EUR,18.0,10,Enamine,Global catalog,EN300-40888,Cl.NCCC(N)=O,,1,1,[29925],[33853],Nucleophilic_substitution_with_amine,[843]
7445,OC1=NNCC1,NDGRWYRVNANFNB-UHFFFAOYSA-N,1.0,100.0,EUR,18.0,10,Enamine,Global catalog,EN300-30322,Cl.O=C1CCNN1,,1,1,[29926],[33854],Nucleophilic_substitution_with_amine,[843]
7451,NCC1COC1,KTHZBRAXOLUNBN-UHFFFAOYSA-N,1.0,50.0,EUR,20.0,2,Enamine,EU stock,EN300-188212,NCC1COC1,,1,1,[29928],[33856],Nucleophilic_substitution_with_amine,[843]
7460,NCC(F)CO,DTXCSCJRPZOOAQ-UHFFFAOYSA-N,1.0,100.0,EUR,84.0,10,Enamine,Global catalog,EN300-7353971,Cl.NC[C@H](F)CO,,1,1,[29931],[33859],Nucleophilic_substitution_with_amine,[843]
7474,N=C(N)CCO,PFDXDMXJMLPQIL-UHFFFAOYSA-N,1.0,50.0,EUR,57.0,2,Enamine,EU stock,EN300-55807,Cl.N=C(N)CCO,,1,1,[29934],[33862],Nucleophilic_substitution_with_amine,[843]
7455,NC1CC(O)C1,JLUZCHOYSPEHES-UHFFFAOYSA-N,1.0,100.0,EUR,18.0,10,Enamine,Global catalog,EN300-94851,NC1CC(O)C1,,1,1,[29940],[33868],Nucleophilic_substitution_with_amine,[843]
7476,NCC1CC1O,LRMDQQAPJXPWPS-UHFFFAOYSA-N,1.0,100.0,EUR,344.0,10,Enamine,Global catalog,EN300-45556315,NC[C@@H]1C[C@H]1O.O=C(O)C(F)(F)F,,1,1,[29943],[33871],Nucleophilic_substitution_with_amine,[843]
7459,C=C(CN)CO,MHFOBWZCLWZTOI-UHFFFAOYSA-N,1.0,50.0,EUR,215.0,2,Enamine,EU stock,EN300-45160351,C=C(CN)CO.Cl,,1,1,[29946],[33874],Nucleophilic_substitution_with_amine,[843]
7458,CC(CN)CO,FVXBTPGZQMNAEZ-UHFFFAOYSA-N,1.0,50.0,EUR,38.0,2,Enamine,EU stock,EN300-53656,CC(CN)CO,,1,1,[29947],[33875],Nucleophilic_substitution_with_amine,[843]
7457,NCCC(=O)O,UCMIRNVEIXFBKS-UHFFFAOYSA-N,1.0,100.0,EUR,18.0,10,Enamine,Global catalog,EN300-18046,NCCC(=O)O,,1,1,[29948],[33876],Nucleophilic_substitution_with_amine,[843]
7449,OCC1CNC1,GNVWVYIAQBJHGV-UHFFFAOYSA-N,1.0,50.0,EUR,26.0,2,Enamine,EU stock,EN300-7370063,Cl.OCC1CNC1,,1,1,[29950],[33878],Nucleophilic_substitution_with_amine,[843]
7491,NC1CC1CO,YACWILRABGNJKG-UHFFFAOYSA-N,1.0,50.0,EUR,304.0,2,Enamine,EU stock,EN300-196962,N[C@@H]1C[C@H]1CO,,1,1,[29952],[33880],Nucleophilic_substitution_with_amine,[843]
7480,CC(O)CCN,NAXUFNXWXFZVSI-UHFFFAOYSA-N,1.0,50.0,EUR,54.0,2,Enamine,EU stock,EN300-76843,CC(O)CCN,,1,1,[29954],[33882],Nucleophilic_substitution_with_amine,[843]
7497,CC(N)CCO,AGMZSYQMSHMXLT-UHFFFAOYSA-N,1.0,100.0,EUR,18.0,10,Enamine,Global catalog,EN300-82225,CC(N)CCO,,1,1,[29955],[33883],Nucleophilic_substitution_with_amine,[843]
33058,CNCCCO,KRGXWTOLFOPIKV-UHFFFAOYSA-N,1.0,100.0,EUR,18.0,10,Enamine,Global catalog,EN300-141645,CNCCCO,,1,1,[29956],[33884],Nucleophilic_substitution_with_amine,[843]
7498,C=C1CNOC1,WJHUQVCECCIXOI-UHFFFAOYSA-N,1.0,50.0,EUR,227.0,2,Enamine,EU stock,EN300-1654186,C=C1CNOC1.Cl,,1,1,[29957],[33885],Nucleophilic_substitution_with_amine,[843]
7500,NC(=O)CCO,SMGLHFBQMBVRCP-UHFFFAOYSA-N,1.0,50.0,EUR,41.0,2,Enamine,EU stock,EN300-79996,NC(=O)CCO,,1,1,[29960],[33888],Nucleophilic_substitution_with_amine,[843]
7499,NC(=S)CCO,CLDBNVBTLKMKCL-UHFFFAOYSA-N,1.0,50.0,EUR,240.0,2,Enamine,EU stock,EN300-1233071,NC(=S)CCO,,1,1,[29961],[33889],Nucleophilic_substitution_with_amine,[843]
7456,COCCCN,FAXDZWQIWUSWJH-UHFFFAOYSA-N,1.0,100.0,EUR,18.0,10,Enamine,Global catalog,EN300-17954,COCCCN,,1,1,[29962],[33890],Nucleophilic_substitution_with_amine,[843]
