hippo_id,smiles,inchikey,required_amount_mg,num_poses,poses,tags,num_routes,num_reaction_steps,reaction_dependencies,reactant_dependencies,route_ids,chemistry_types,is_scaffold,scaffold_series,inspirations
318,CC(O)CNCc1cccc(Cn2cnc3ccccc32)c1,JUOHPSFGSZHWSU-UHFFFAOYSA-N,1,4,"{305, 306, 23860, 23861}","['iter1 scaffold', 'iter1 scaffolds', 'elaborated iter1 scaffold']",1,{1},[15352],"{18481, 6863}",[1],Nucleophilic_substitution_with_amine,True,[318],"A0503a, A0759a"
332,CC(O)CNCc1cccnc1-n1cnc2ccccc21,XVPJEXHCKXPYIT-UHFFFAOYSA-N,1,3,"{21156, 371, 372}","['iter1 scaffold', 'iter1 scaffolds', 'elaborated iter1 scaffold']",1,{1},[13556],"{16598, 6863}",[2],Nucleophilic_substitution_with_amine,True,[332],"A0503a, A0759a"
410,CC(O)CNCc1nc2ccccc2n1C1CC1,UJJZAJLFYCQYSJ-UHFFFAOYSA-N,1,4,"{465, 466, 15819, 15818}",[],1,{1},[11079],"{13945, 3134}",[3],Reductive_amination,False,[421],"A0503a, A0759a"
411,CC(O)CNCc1nc2cc(F)ccc2n1C,NWIXKFJBQIDTEM-UHFFFAOYSA-N,1,4,"{7744, 467, 468, 18733}","['iter1 scaffold', 'iter1 scaffolds', 'elaborated iter1 scaffold']",1,{1},[7038],"{9688, 3134}",[4],Reductive_amination,False,[412],"A0503a, A0759a"
412,CC(O)CNCc1nc2ccccc2n1C,MVTGOQDBIJSKPE-UHFFFAOYSA-N,1,3,"{7717, 469, 470}","['iter1 scaffold', 'iter1 scaffolds', 'elaborated iter1 scaffold']",1,{1},[7022],"{9684, 3134}",[5],Reductive_amination,True,[412],"A0503a, A0759a"
413,CC(O)CNCc1nc2cc(Cl)ccc2n1C,ZPQAGGHNWGPRIN-UHFFFAOYSA-N,1,3,"{472, 7901, 471}",[],1,{1},[7123],"{9709, 3134}",[6],Reductive_amination,False,[412],"A0503a, A0759a"
421,CCn1c(CNCC(C)O)nc2ccccc21,YFPGSEQYEDBGPH-UHFFFAOYSA-N,1,5,"{483, 484, 7925, 15577, 15578}","['iter1 scaffold', 'iter1 scaffolds', 'elaborated iter1 scaffold']",1,{1},[7137],"{9710, 3134}",[7],Reductive_amination,False,[412],"A0503a, A0759a"
554,O=C(CC(c1ccccc1)c1ccccc1)Nc1cccc2[nH]ccc12,PMMASMGHJOEHPC-UHFFFAOYSA-N,1,3,"{27961, 244, 246}","['iter1 scaffold', 'iter1 scaffolds', 'elaborated iter1 scaffold']",1,{1},[18774],"{22130, 22230}",[8],Amidation,True,[554],"A0229a, A0503a"
973,CC1CCC(C(C)(O)CNCc2cn3ccccc3n2)CC1,OYFZSXUCDDDLSQ-UHFFFAOYSA-N,1,2,"{801, 802}","['iter1 scaffold', 'iter1 scaffolds', 'elaborated iter1 scaffold']",1,{1},[6577],"{8761, 9427}",[10],Nucleophilic_substitution_with_amine,True,[973],"A0503a, A0759a"
980,COc1ccccc1OC(C)CNCc1cnc2sccn12,NWNDXWKRJDTNKY-UHFFFAOYSA-N,1,3,"{11112, 813, 814}","['iter1 scaffold', 'iter1 scaffolds', 'elaborated iter1 scaffold']",1,{1},[9333],"{12068, 12159}",[11],Mitsunobu_reaction_with_amine_alcohol_and_thioalcohol,True,[980],"A0503a, A0759a"
3556,Cc1nc2ccccc2n1CCNC(C)CO,NPWXQYWWCODPRA-UHFFFAOYSA-N,1,2,"{31701, 31702}",[],1,{1},[1142],"{3043, 3148}",[12],Nucleophilic_substitution_with_amine,False,[848],"A0503a, A0759a"
3568,Cc1nc2ccccc2n1CCNC1COC1,TXSFTNVTBFAVEY-UHFFFAOYSA-N,1,1,{31707},[],1,{1},[1154],"{3147, 3043}",[13],Nucleophilic_substitution_with_amine,False,[848],"A0503a, A0759a"
3573,Cc1nc2ccccc2n1CCNC1CC1O,XPYLSHZGTHZZGT-UHFFFAOYSA-N,1,8,"{36673, 36674, 36675, 36676, 31703, 31704, 31705, 31706}",[],1,{1},[1159],"{3136, 3043}",[14],Nucleophilic_substitution_with_amine,False,"[843, 848]","A0503a, A0759a"
4686,Cc1nc2ccccc2n1CCNC(C#N)CO,GZIHHCUNUJCCPE-UHFFFAOYSA-N,1,2,"{33436, 33437}",[],1,{1},[2272],"{3160, 3043}",[15],Nucleophilic_substitution_with_amine,False,[848],"A0503a, A0759a"
4784,CCC(CO)NCCn1c(C)nc2ccccc21,ULUGNUANHASNNX-UHFFFAOYSA-N,1,2,"{33452, 33453}",[],1,{1},[2370],"{3043, 3158}",[16],Nucleophilic_substitution_with_amine,False,[848],"A0503a, A0759a"
4793,Cc1nc2ccccc2n1CCNC(CO)CF,YZYCVNSMVIFASF-UHFFFAOYSA-N,1,2,"{33440, 33441}",[],1,{1},[2379],"{3043, 3183}",[17],Nucleophilic_substitution_with_amine,False,[848],"A0503a, A0759a"
4796,Cc1nc2ccccc2n1CCNC(C)C(=O)O,CQOWQZHCIIUJBN-UHFFFAOYSA-N,1,2,"{33454, 33455}",[],1,{1},[2382],"{3163, 3043}",[18],Nucleophilic_substitution_with_amine,False,[848],"A0503a, A0759a"
4804,Cc1nc2ccccc2n1CCNCC(O)CO,HBGXALXVKJAFGN-UHFFFAOYSA-N,1,2,"{38696, 38697}",[],1,{1},[2390],"{3185, 3043}",[19],Nucleophilic_substitution_with_amine,False,[843],"A0503a, A0759a"
4807,Cc1nc2ccccc2n1CCNC(C)(C)CO,SOYPUBJKDINWQC-UHFFFAOYSA-N,1,1,{33395},[],1,{1},[2393],"{3043, 3188}",[20],Nucleophilic_substitution_with_amine,False,[848],"A0503a, A0759a"
4811,Cc1nc2ccccc2n1CCNC(C)C(C)O,ILBGWHRIZFWIND-UHFFFAOYSA-N,1,2,"{33457, 33458}",[],1,{1},[2397],"{3043, 3175}",[21],Nucleophilic_substitution_with_amine,False,[848],"A0503a, A0759a"
4816,Cc1nc2ccccc2n1CCNC(CO)CO,UORFWYXVGJTTFO-UHFFFAOYSA-N,1,1,{33456},[],1,{1},[2402],"{3043, 3180}",[22],Nucleophilic_substitution_with_amine,False,[848],"A0503a, A0759a"
6985,CN(Cc1nc2ccccc2n1C)CC1CO1,SMXUCWXOWBCNDF-UHFFFAOYSA-N,1,1,{7933},[],1,{1},[4440],"{6909, 6854}",[23],Nucleophilic_substitution_with_amine,False,[412],"A0503a, A0759a"
7003,CC(O)CN(C)Cc1nc2ccccc2n1C,YSHQFPBGEZPZCP-UHFFFAOYSA-N,1,2,"{7979, 7980}",[],1,{1},[4458],"{6909, 6863}",[24],Nucleophilic_substitution_with_amine,False,[412],"A0503a, A0759a"
7010,CN(Cc1nc2ccccc2n1C)C1CC1O,WWEXJJZBBIQCQK-UHFFFAOYSA-N,1,1,{7930},[],1,{1},[4465],"{6852, 6909}",[26],Nucleophilic_substitution_with_amine,False,[412],"A0503a, A0759a"
7100,CC(O)CN(C)Cc1nc2c(Br)cccc2n1C,UQHHIBWLVCUSOW-UHFFFAOYSA-N,1,1,{8221},[],1,{1},[7366],"{3216, 9691}",[27],Reductive_amination,False,[412],"A0503a, A0759a"
7104,CC(O)CN(C)Cc1nc2ccc(Cl)cc2n1C,JPKFZINEXQBEAF-UHFFFAOYSA-N,1,0,set(),[],1,{1},[7249],"{3216, 9702}",[28],Reductive_amination,False,[412],"A0503a, A0759a"
7108,CN(Cc1nc2ccccc2n1C)CC(C)(C)O,LPNPCJNNEPPQPG-UHFFFAOYSA-N,1,1,{9758},[],1,{1},[8425],"{9801, 9684}",[30],Reductive_amination,False,[412],"A0503a, A0759a"
7123,CC(O)CN(C)Cc1nc2cc(Br)ccc2n1C,HHIKKEUFSUJMDT-UHFFFAOYSA-N,1,1,{9030},[],1,{1},[7914],"{3216, 9707}",[31],Reductive_amination,False,[412],"A0503a, A0759a"
7152,CN(Cc1nc2ccccc2n1C)CC(O)CF,IZXNPWLQPPXLGG-UHFFFAOYSA-N,1,1,{9810},[],1,{1},[4607],"{6858, 6909}",[32],Nucleophilic_substitution_with_amine,False,[412],"A0503a, A0759a"
7189,CN(Cc1nc2ccccc2n1C)CC(O)CO,XADQLLOJDQPOLI-UHFFFAOYSA-N,1,1,{9635},[],1,{1},[8317],"{9684, 7501}",[35],Reductive_amination,False,[412],"A0503a, A0759a"
7209,CCn1c(CN(C)C2CC2O)nc2ccccc21,PWBBPNKAOCCEIU-UHFFFAOYSA-N,1,2,"{15864, 15863}",[],1,{1},[4664],"{6852, 6975}",[36],Nucleophilic_substitution_with_amine,False,"[412, 421]","A0503a, A0759a"
7223,CCC(O)CN(C)Cc1nc2ccccc2n1C,OBIGPNBBUGQGFW-UHFFFAOYSA-N,1,1,{9666},[],1,{1},[8342],"{9684, 9804}",[38],Reductive_amination,False,[412],"A0503a, A0759a"
7298,CCn1c(CN(C)CC2CO2)nc2ccccc21,LLPDHNMEMJNQET-UHFFFAOYSA-N,1,2,"{15900, 15901}",[],1,{1},[4753],"{6854, 6975}",[39],Nucleophilic_substitution_with_amine,False,"[412, 421]","A0503a, A0759a"
7301,CC(O)CN(C)Cc1nc2cc(F)ccc2n1C,VUIKEGSRWCARLT-UHFFFAOYSA-N,1,3,"{9888, 18806, 18807}",[],1,{1},[8538],"{3216, 9688}",[40],Reductive_amination,False,"[411, 412]","A0503a, A0759a"
7302,CCn1c(CN(C)CC(C)O)nc2ccccc21,DGDHMWDODCWKGX-UHFFFAOYSA-N,1,3,"{15958, 8582, 15959}",[],1,{1},[4757],"{6975, 6863}",[41],Nucleophilic_substitution_with_amine,False,"[412, 421]","A0503a, A0759a"
7312,CC(O)CN(C)Cc1nc2cc(Cl)ccc2n1C,XAZYXSMIVGLDFH-UHFFFAOYSA-N,1,1,{8042},[],1,{1},[7228],"{3216, 9709}",[43],Reductive_amination,False,[412],"A0503a, A0759a"
8834,Cc1ccc2nc(CNCC(C)(O)C3CCC(C)CC3)cn2c1,XJWWUEXPKGTKKM-UHFFFAOYSA-N,1,0,set(),[],1,{1},[6611],"{9440, 8761}",[44],Nucleophilic_substitution_with_amine,False,[973],"A0503a, A0759a"
8841,Cc1cccc2nc(CNCC(C)(O)C3CCC(C)CC3)cn12,UVUZYLNECJAYSB-UHFFFAOYSA-N,1,1,{6611},[],1,{1},[6041],"{8761, 8732}",[45],Nucleophilic_substitution_with_amine,False,[973],"A0503a, A0759a"
8862,CC1CCC(C(C)(O)CNCc2cn3cccc(F)c3n2)CC1,MSMWRQXUMKWTCA-UHFFFAOYSA-N,1,0,set(),[],1,{1},[6619],"{8761, 9441}",[47],Nucleophilic_substitution_with_amine,False,[973],"A0503a, A0759a"
8870,CC1CCC(C(C)(O)CNCc2nc3ccccn3c2Br)CC1,YNKWQFSFNQUBFJ-UHFFFAOYSA-N,1,0,set(),[],1,{1},[6594],"{8761, 9433}",[48],Nucleophilic_substitution_with_amine,False,[973],"A0503a, A0759a"
8871,CC1CCC(C(C)(O)CNCc2cn3cc(Cl)ccc3n2)CC1,GQRMOMVRALMUIV-UHFFFAOYSA-N,1,0,set(),[],1,{1},[6638],"{8761, 9447}",[49],Nucleophilic_substitution_with_amine,False,[973],"A0503a, A0759a"
8878,CC1CCC(C(C)(O)CNCc2cn3cccc(Br)c3n2)CC1,NHDGDLYCNPYTER-UHFFFAOYSA-N,1,0,set(),[],1,{1},[6628],"{8761, 9445}",[50],Nucleophilic_substitution_with_amine,False,[973],"A0503a, A0759a"
8882,CC1CCC(C(C)(O)CNCc2cn3c(Cl)cccc3n2)CC1,AUTMAOCNCIPJPJ-UHFFFAOYSA-N,1,0,set(),[],1,{1},[6627],"{8761, 9444}",[51],Nucleophilic_substitution_with_amine,False,[973],"A0503a, A0759a"
8894,CC1CCC(C(C)(O)CNCc2cn3cc(Br)ccc3n2)CC1,PCCSBXNDVXPSDT-UHFFFAOYSA-N,1,0,set(),[],1,{1},[6644],"{8761, 9439}",[52],Nucleophilic_substitution_with_amine,False,[973],"A0503a, A0759a"
8904,Cc1cccn2cc(CNCC(C)(O)C3CCC(C)CC3)nc12,XZWYBSZIYNBOSD-UHFFFAOYSA-N,1,0,set(),[],1,{1},[6603],"{8761, 9436}",[54],Nucleophilic_substitution_with_amine,False,[973],"A0503a, A0759a"
8931,CC1(C)CCC(C(C)(O)CNCc2cn3ccccc3n2)CC1,HYJRODIQUJNCSV-UHFFFAOYSA-N,1,2,"{5641, 6788}",[],1,{1},[6701],"{8776, 9427}",[56],Nucleophilic_substitution_with_amine,False,[973],"A0503a, A0759a"
8933,CCC1CCC(C(C)(O)CNCc2cn3ccccc3n2)CC1,BUQVTTUPZINHMV-UHFFFAOYSA-N,1,1,{6789},[],1,{1},[6703],"{8784, 9427}",[58],Nucleophilic_substitution_with_amine,False,[973],"A0503a, A0759a"
9020,CCC1CCC(C(C)(O)CNCc2nc3ccccn3c2Br)CC1,ZQYLYEJMUOMZPK-UHFFFAOYSA-N,1,4,"{5968, 7021, 7022, 5967}",[],1,{1},[6788],"{8784, 9433}",[59],Nucleophilic_substitution_with_amine,False,[973],"A0503a, A0759a"
9032,CC1(C)CCC(C(C)(O)CNCc2nc3ccccn3c2Br)CC1,BVFNHECAKDCSQW-UHFFFAOYSA-N,1,2,"{5994, 7020}",[],1,{1},[6786],"{8776, 9433}",[60],Nucleophilic_substitution_with_amine,False,[973],"A0503a, A0759a"
9140,CCC1CCC(C(C)(O)CNCc2cn3cc(Cl)ccc3n2)CC1,OJCREVWXYFEAKU-UHFFFAOYSA-N,1,0,set(),[],1,{1},[7003],"{8784, 9447}",[61],Nucleophilic_substitution_with_amine,False,[973],"A0503a, A0759a"
9151,CC1(C)CCC(C(C)(O)CNCc2cn3cc(Cl)ccc3n2)CC1,VHGRLNXPZUZLNS-UHFFFAOYSA-N,1,2,"{6305, 7643}",[],1,{1},[6997],"{8776, 9447}",[62],Nucleophilic_substitution_with_amine,False,[973],"A0503a, A0759a"
9172,Cc1cccc2nc(CNCC(C)(O)C3CCC(C)(C)CC3)cn12,IZEWDDZUGXFEBT-UHFFFAOYSA-N,1,0,set(),[],1,{1},[6372],"{8776, 8732}",[63],Nucleophilic_substitution_with_amine,False,[973],"A0503a, A0759a"
9174,CCC1CCC(C(C)(O)CNCc2cn3c(C)cccc3n2)CC1,PEVJUASIBJXFFD-UHFFFAOYSA-N,1,1,{6346},[],1,{1},[6374],"{8784, 8732}",[64],Nucleophilic_substitution_with_amine,False,[973],"A0503a, A0759a"
9175,OC1(CNCc2cn3ccccc3n2)C2C3CC4C5C3CC2C5C41,VSTYCSVNXCVDCG-UHFFFAOYSA-N,1,0,set(),[],1,{1},[6375],"{8728, 8820}",[65],Nucleophilic_substitution_with_amine,False,[973],"A0503a, A0759a"
9466,CC1CCC(C(C)(O)CNCc2cn3c(F)cccc3n2)CC1,HIDMLQALSSUONC-UHFFFAOYSA-N,1,1,{6574},[],1,{1},[6606],"{8761, 9434}",[66],Nucleophilic_substitution_with_amine,False,[973],"A0503a, A0759a"
9507,CC1(C)CCC(C(C)(O)CNCc2cn3cccc(Br)c3n2)CC1,RLVIHBBIVWBRIN-UHFFFAOYSA-N,1,1,{6917},[],1,{1},[6753],"{8776, 9445}",[67],Nucleophilic_substitution_with_amine,False,[973],"A0503a, A0759a"
9509,CCC1CCC(C(C)(O)CNCc2cn3cccc(Br)c3n2)CC1,MUSVYRFKLGPLEI-UHFFFAOYSA-N,1,0,set(),[],1,{1},[6755],"{8784, 9445}",[68],Nucleophilic_substitution_with_amine,False,[973],"A0503a, A0759a"
9567,CC1(C)CCC(C(C)(O)CNCc2cn3cc(Br)ccc3n2)CC1,BMWSNBYKQBTELG-UHFFFAOYSA-N,1,0,set(),[],1,{1},[6864],"{8776, 9439}",[69],Nucleophilic_substitution_with_amine,False,[973],"A0503a, A0759a"
9569,CCC1CCC(C(C)(O)CNCc2cn3cc(Br)ccc3n2)CC1,QUKCCKJGDHIPAQ-UHFFFAOYSA-N,1,0,set(),[],1,{1},[6866],"{8784, 9439}",[70],Nucleophilic_substitution_with_amine,False,[973],"A0503a, A0759a"
9601,CCC1CCC(C(C)(O)CNCc2cn3c(F)cccc3n2)CC1,ZFTVSHXWJIXKOI-UHFFFAOYSA-N,1,0,set(),[],1,{1},[6898],"{8784, 9434}",[71],Nucleophilic_substitution_with_amine,False,[973],"A0503a, A0759a"
9603,CC1(C)CCC(C(C)(O)CNCc2cn3c(F)cccc3n2)CC1,GTWHXORKVQCUJF-UHFFFAOYSA-N,1,2,"{7363, 7364}",[],1,{1},[6900],"{8776, 9434}",[72],Nucleophilic_substitution_with_amine,False,[973],"A0503a, A0759a"
9832,Cn1c(CNC2CC2O)nc2ccccc21,JZGAWOCFNICBCE-UHFFFAOYSA-N,1,4,"{7724, 7725, 7726, 7727}",[],1,{1},[7027],"{3136, 9684}",[73],Reductive_amination,False,[412],"A0503a, A0759a"
9833,Cn1c(CN2CC(O)C2)nc2ccccc21,HUPXJIYVHNVCKC-UHFFFAOYSA-N,1,1,{7728},[],1,{1},[7028],"{9684, 3199}",[74],Reductive_amination,False,[412],"A0503a, A0759a"
9843,Cn1c(CNC2CC2O)nc2cc(F)ccc21,NKELECKQGIRUGD-UHFFFAOYSA-N,1,8,"{7745, 7746, 7747, 7748, 18734, 18735, 18736, 18737}",[],1,{1},[7039],"{3136, 9688}",[75],Reductive_amination,False,"[411, 412]","A0503a, A0759a"
9844,Cn1c(CN2CC(O)C2)nc2cc(F)ccc21,YYEUPCGHPBHAJQ-UHFFFAOYSA-N,1,2,"{18740, 7749}",[],1,{1},[7040],"{9688, 3199}",[76],Reductive_amination,False,"[411, 412]","A0503a, A0759a"
9849,Cn1c(CN2CC(O)C2)nc2c(Br)cccc21,AUANWUMKDDUIRQ-UHFFFAOYSA-N,1,1,{7757},[],1,{1},[7045],"{9691, 3199}",[77],Reductive_amination,False,[412],"A0503a, A0759a"
9851,Cn1c(CNC2CC2O)nc2c(Br)cccc21,VQOQDKHPPHEYCB-UHFFFAOYSA-N,1,2,"{7758, 7759}",[],1,{1},[7047],"{3136, 9691}",[78],Reductive_amination,False,[412],"A0503a, A0759a"
9852,CC(O)CNCc1nc2c(Br)cccc2n1C,GBTZSUIVWAZGBZ-UHFFFAOYSA-N,1,1,{7760},[],1,{1},[7048],"{9691, 3134}",[79],Reductive_amination,False,[412],"A0503a, A0759a"
9895,CC(O)CNCc1nc2ccc(Cl)cc2n1C,QTGOTCXMMSUBFI-UHFFFAOYSA-N,1,1,{7844},[],1,{1},[7091],"{9702, 3134}",[80],Reductive_amination,False,[412],"A0503a, A0759a"
9896,Cn1c(CNC2CC2O)nc2ccc(Cl)cc21,ZHTSHXGAGOIBRN-UHFFFAOYSA-N,1,4,"{7848, 7845, 7846, 7847}",[],1,{1},[7092],"{3136, 9702}",[81],Reductive_amination,False,[412],"A0503a, A0759a"
9899,Cn1c(CN2CC(O)C2)nc2ccc(Cl)cc21,WLTDIOCZUMDYNC-UHFFFAOYSA-N,1,1,{7850},[],1,{1},[7095],"{9702, 3199}",[82],Reductive_amination,False,[412],"A0503a, A0759a"
9921,CC(O)CNCc1nc2cc(Br)ccc2n1C,YMCQZZWJXXQACD-UHFFFAOYSA-N,1,1,{7889},[],1,{1},[7117],"{9707, 3134}",[83],Reductive_amination,False,[412],"A0503a, A0759a"
9926,Cn1c(CNC2CC2O)nc2cc(Br)ccc21,MOIIKMLUXCEQKT-UHFFFAOYSA-N,1,3,"{7898, 7899, 7900}",[],1,{1},[7122],"{3136, 9707}",[84],Reductive_amination,False,[412],"A0503a, A0759a"
9927,Cn1c(CNC2CC2O)nc2cc(Cl)ccc21,LFFDYLGNXLZEQI-UHFFFAOYSA-N,1,4,"{7904, 7905, 7902, 7903}",[],1,{1},[7124],"{3136, 9709}",[85],Reductive_amination,False,[412],"A0503a, A0759a"
9929,Cn1c(CN2CC(O)C2)nc2cc(Cl)ccc21,IEQGOYZSZJRNBY-UHFFFAOYSA-N,1,1,{7906},[],1,{1},[7126],"{9709, 3199}",[86],Reductive_amination,False,[412],"A0503a, A0759a"
9930,CCn1c(CN2CC(O)C2)nc2ccccc21,ZWKQLJIZKUIMNO-UHFFFAOYSA-N,1,2,"{15594, 7907}",[],1,{1},[7127],"{9710, 3199}",[87],Reductive_amination,False,"[412, 421]","A0503a, A0759a"
9933,CCn1c(CNC2CC2O)nc2ccccc21,NZQUAYABRSQOQN-UHFFFAOYSA-N,1,8,"{7912, 7913, 7914, 7915, 15595, 15596, 15597, 15598}",[],1,{1},[7130],"{3136, 9710}",[88],Reductive_amination,False,"[412, 421]","A0503a, A0759a"
9938,Cn1c(CN2CC(O)C2)nc2cc(Br)ccc21,DVOBHSBDPFDAGM-UHFFFAOYSA-N,1,1,{7923},[],1,{1},[7135],"{9707, 3199}",[89],Reductive_amination,False,[412],"A0503a, A0759a"
9947,Cn1c(CNCC2(O)CC2)nc2ccccc21,DYEFBUZCESFQJZ-UHFFFAOYSA-N,1,1,{7934},[],1,{1},[7147],"{9785, 9684}",[90],Reductive_amination,False,[412],"A0503a, A0759a"
9948,Cn1c(CN2CC(O)CO2)nc2ccccc21,QGNUEVMZUAKCOI-UHFFFAOYSA-N,1,2,"{7936, 7935}",[],1,{1},[7148],"{7489, 9684}",[91],Reductive_amination,False,[412],"A0503a, A0759a"
9950,Cn1c(CN2CC(O)C2=O)nc2ccccc21,UEFOIZKASBIOLR-UHFFFAOYSA-N,1,2,"{7938, 7939}",[],1,{1},[7150],"{9684, 1108}",[92],Reductive_amination,False,[412],"A0503a, A0759a"
9952,Cn1c(CNCC(O)CCl)nc2ccccc21,ZKBLDYRUHDMVOB-UHFFFAOYSA-N,1,1,{7942},[],1,{1},[7152],"{9684, 3150}",[93],Reductive_amination,False,[412],"A0503a, A0759a"
9956,C=CC(O)CNCc1nc2ccccc2n1C,CJYUKFLJIUIHIP-UHFFFAOYSA-N,1,1,{7946},[],1,{1},[7156],"{9684, 9789}",[94],Reductive_amination,False,[412],"A0503a, A0759a"
9957,Cn1c(CNCC(O)CF)nc2ccccc21,FWHIZZGFYBBOBD-UHFFFAOYSA-N,1,1,{7947},[],1,{1},[7157],"{9684, 3165}",[95],Reductive_amination,False,[412],"A0503a, A0759a"
9958,COC(C)CNCc1nc2ccccc2n1C,XROAHFUAFZNYEE-UHFFFAOYSA-N,1,1,{7948},[],1,{1},[7158],"{9684, 9790}",[96],Reductive_amination,False,[412],"A0503a, A0759a"
9959,C#CC(O)CNCc1nc2ccccc2n1C,ZRGRYIRKLOYTAH-UHFFFAOYSA-N,1,1,{7949},[],1,{1},[7159],"{9684, 9791}",[97],Reductive_amination,False,[412],"A0503a, A0759a"
9963,COC1CN(Cc2nc3ccccc3n2C)C1,BNYAJNLHXWRQRQ-UHFFFAOYSA-N,1,1,{7954},[],1,{1},[7163],"{9684, 9781}",[98],Reductive_amination,False,[412],"A0503a, A0759a"
9968,Cn1c(CNCC2CCO2)nc2ccccc21,ROVPJLNNBFHXCY-UHFFFAOYSA-N,1,1,{7963},[],1,{1},[7168],"{9684, 9783}",[99],Reductive_amination,False,[412],"A0503a, A0759a"
9970,Cn1c(CN2CCC(O)C2)nc2ccccc21,QYMBLAQKDYBSOH-UHFFFAOYSA-N,1,2,"{7966, 7967}",[],1,{1},[7170],"{7466, 9684}",[100],Reductive_amination,False,[412],"A0503a, A0759a"
9976,Cn1c(CNCC(C)(C)O)nc2ccccc21,SOMUBYFSSBYHIC-UHFFFAOYSA-N,1,1,{7978},[],1,{1},[7176],"{3187, 9684}",[101],Reductive_amination,False,[412],"A0503a, A0759a"
9977,CC(O)C(=S)NCc1nc2ccccc2n1C,GEDLWAHHZSITAL-UHFFFAOYSA-N,1,0,set(),[],1,{1},[7178],"{3179, 9684}",[102],Reductive_amination,False,[412],"A0503a, A0759a"
9996,Cn1c(CNCC(O)CO)nc2ccccc21,RUQXBNYWFPCNPX-UHFFFAOYSA-N,1,1,{8007},[],1,{1},[7197],"{3185, 9684}",[103],Reductive_amination,False,[412],"A0503a, A0759a"
9998,CCC(O)CNCc1nc2ccccc2n1C,MJTPTLNSYAWBFQ-UHFFFAOYSA-N,1,1,{8009},[],1,{1},[7199],"{9684, 3172}",[104],Reductive_amination,False,[412],"A0503a, A0759a"
10002,CC(O)C(=O)NCc1nc2ccccc2n1C,MMXIWTSZKBCSDW-UHFFFAOYSA-N,1,1,{8013},[],1,{1},[7203],"{1115, 9684}",[105],Reductive_amination,False,[412],"A0503a, A0759a"
10009,CC(O)C(C)NCc1nc2ccccc2n1C,UHTINTAICOXEOJ-UHFFFAOYSA-N,1,2,"{8017, 8018}",[],1,{1},[7210],"{9684, 3175}",[106],Reductive_amination,False,[412],"A0503a, A0759a"
10013,CCC(O)CNCc1nc2cc(Cl)ccc2n1C,DQHMYPLJWCXSIV-UHFFFAOYSA-N,1,1,{8021},[],1,{1},[7214],"{3172, 9709}",[107],Reductive_amination,False,[412],"A0503a, A0759a"
10014,Cn1c(CN2CC(O)C2=O)nc2cc(Cl)ccc21,GJMWWHBZMZYXKD-UHFFFAOYSA-N,1,2,"{8022, 8023}",[],1,{1},[7215],"{1108, 9709}",[108],Reductive_amination,False,[412],"A0503a, A0759a"
10016,Cn1c(CNCC(O)CCl)nc2cc(Cl)ccc21,YAAHVUYSQLDHKC-UHFFFAOYSA-N,1,1,{8028},[],1,{1},[7217],"{9709, 3150}",[109],Reductive_amination,False,[412],"A0503a, A0759a"
10020,C=CC(O)CNCc1nc2cc(Cl)ccc2n1C,IJMVENGWHFUVCU-UHFFFAOYSA-N,1,1,{8033},[],1,{1},[7221],"{9789, 9709}",[110],Reductive_amination,False,[412],"A0503a, A0759a"
10021,Cn1c(CNCC(O)CF)nc2cc(Cl)ccc21,ZFZXPTPQLIOLLI-UHFFFAOYSA-N,1,2,"{8034, 8035}",[],1,{1},[7222],"{9709, 3165}",[111],Reductive_amination,False,[412],"A0503a, A0759a"
10022,COC(C)CNCc1nc2cc(Cl)ccc2n1C,SBNDLMZYWXYDSC-UHFFFAOYSA-N,1,1,{8036},[],1,{1},[7223],"{9709, 9790}",[112],Reductive_amination,False,[412],"A0503a, A0759a"
10023,C#CC(O)CNCc1nc2cc(Cl)ccc2n1C,BBCFPCUVNYETBL-UHFFFAOYSA-N,1,1,{8037},[],1,{1},[7224],"{9709, 9791}",[113],Reductive_amination,False,[412],"A0503a, A0759a"
10026,Cn1c(CNCC(C)(C)O)nc2cc(Cl)ccc21,HQJBJDLBPZGLNC-UHFFFAOYSA-N,1,1,{8041},[],1,{1},[7227],"{3187, 9709}",[114],Reductive_amination,False,[412],"A0503a, A0759a"
10027,CC(O)C(=O)NCc1nc2cc(Cl)ccc2n1C,CLIPYUHLABDIIO-UHFFFAOYSA-N,1,1,{8043},[],1,{1},[7229],"{1115, 9709}",[115],Reductive_amination,False,[412],"A0503a, A0759a"
10028,CC(O)C(=S)NCc1nc2cc(Cl)ccc2n1C,BNTCTLFFLHIPRE-UHFFFAOYSA-N,1,0,set(),[],1,{1},[7230],"{3179, 9709}",[116],Reductive_amination,False,[412],"A0503a, A0759a"
10029,CC(O)C(C)NCc1nc2cc(Cl)ccc2n1C,QIWMFBKHPSSVMJ-UHFFFAOYSA-N,1,2,"{8044, 8045}",[],1,{1},[7231],"{9709, 3175}",[117],Reductive_amination,False,[412],"A0503a, A0759a"
10031,Cn1c(CNCC(O)CO)nc2cc(Cl)ccc21,BGMCMWVCQFQRLX-UHFFFAOYSA-N,1,1,{8046},[],1,{1},[7233],"{3185, 9709}",[118],Reductive_amination,False,[412],"A0503a, A0759a"
10035,C=CC(O)CNCc1nc2ccc(Cl)cc2n1C,RHWDOETVOGYXFY-UHFFFAOYSA-N,1,1,{8051},[],1,{1},[7237],"{9789, 9702}",[119],Reductive_amination,False,[412],"A0503a, A0759a"
10036,Cn1c(CNCC(O)CF)nc2ccc(Cl)cc21,ULDHKEFIAIRCLN-UHFFFAOYSA-N,1,1,{8052},[],1,{1},[7238],"{3165, 9702}",[120],Reductive_amination,False,[412],"A0503a, A0759a"
10037,COC(C)CNCc1nc2ccc(Cl)cc2n1C,FAJMVHFQNBHSLE-UHFFFAOYSA-N,1,1,{8053},[],1,{1},[7239],"{9790, 9702}",[121],Reductive_amination,False,[412],"A0503a, A0759a"
10038,C#CC(O)CNCc1nc2ccc(Cl)cc2n1C,FUEFLDXKHWKJEN-UHFFFAOYSA-N,1,1,{8054},[],1,{1},[7240],"{9702, 9791}",[122],Reductive_amination,False,[412],"A0503a, A0759a"
10045,Cn1c(CNCC(C)(C)O)nc2ccc(Cl)cc21,GUUBAHVGXZHIJU-UHFFFAOYSA-N,1,1,{8064},[],1,{1},[7247],"{3187, 9702}",[123],Reductive_amination,False,[412],"A0503a, A0759a"
10047,CC(O)C(=S)NCc1nc2ccc(Cl)cc2n1C,DOIIVNIUZMFZOV-UHFFFAOYSA-N,1,0,set(),[],1,{1},[7250],"{3179, 9702}",[124],Reductive_amination,False,[412],"A0503a, A0759a"
10048,CC(O)C(C)NCc1nc2ccc(Cl)cc2n1C,RKZOVGGXWIKBNL-UHFFFAOYSA-N,1,2,"{8066, 8067}",[],1,{1},[7251],"{9702, 3175}",[125],Reductive_amination,False,[412],"A0503a, A0759a"
10049,CCC(O)CNCc1nc2ccc(Cl)cc2n1C,BHTPHFUBRKDGRI-UHFFFAOYSA-N,1,1,{8068},[],1,{1},[7252],"{3172, 9702}",[126],Reductive_amination,False,[412],"A0503a, A0759a"
10058,Cn1c(CNCC(O)CO)nc2ccc(Cl)cc21,KOJKVOARGFLZFN-UHFFFAOYSA-N,1,1,{8093},[],1,{1},[7261],"{3185, 9702}",[127],Reductive_amination,False,[412],"A0503a, A0759a"
10060,CC(O)C(=O)NCc1nc2ccc(Cl)cc2n1C,YJQJMBDKOVFKMP-UHFFFAOYSA-N,1,1,{8096},[],1,{1},[7263],"{1115, 9702}",[128],Reductive_amination,False,[412],"A0503a, A0759a"
10061,Cn1c(CNCC2CCO2)nc2ccc(Cl)cc21,XDUFIVZXQZQVPL-UHFFFAOYSA-N,1,0,set(),[],1,{1},[7264],"{9702, 9783}",[129],Reductive_amination,False,[412],"A0503a, A0759a"
10062,Cn1c(CNCC(O)CCl)nc2ccc(Cl)cc21,DJHLPMWDNWWYNZ-UHFFFAOYSA-N,1,1,{8097},[],1,{1},[7265],"{9702, 3150}",[130],Reductive_amination,False,[412],"A0503a, A0759a"
10063,Cn1c(CN2CC(O)C2=O)nc2ccc(Cl)cc21,KXKQTBUPDZQWDB-UHFFFAOYSA-N,1,1,{8098},[],1,{1},[7266],"{1108, 9702}",[131],Reductive_amination,False,[412],"A0503a, A0759a"
10064,Cn1c(CN2CCC(O)C2)nc2ccc(Cl)cc21,AZDUQDAKSHAHBY-UHFFFAOYSA-N,1,1,{8099},[],1,{1},[7267],"{7466, 9702}",[132],Reductive_amination,False,[412],"A0503a, A0759a"
10065,COC1CN(Cc2nc3ccc(Cl)cc3n2C)C1,GEPODKWTLLWVIY-UHFFFAOYSA-N,1,1,{8100},[],1,{1},[7268],"{9781, 9702}",[133],Reductive_amination,False,[412],"A0503a, A0759a"
10070,Cn1c(CNCC2(O)CC2)nc2ccc(Cl)cc21,KBSAWCAOFMTSQI-UHFFFAOYSA-N,1,0,set(),[],1,{1},[7275],"{9785, 9702}",[134],Reductive_amination,False,[412],"A0503a, A0759a"
10071,Cn1c(CN2CC(O)CO2)nc2ccc(Cl)cc21,LADJDJJYTVAAFR-UHFFFAOYSA-N,1,2,"{8102, 8103}",[],1,{1},[7276],"{7489, 9702}",[135],Reductive_amination,False,[412],"A0503a, A0759a"
10080,Cn1c(CNCC2(O)CC2)nc2cc(Cl)ccc21,FGWJDGBSRGDVNI-UHFFFAOYSA-N,1,0,set(),[],1,{1},[7285],"{9785, 9709}",[136],Reductive_amination,False,[412],"A0503a, A0759a"
10084,Cn1c(CN2CCC(O)C2)nc2c(Br)cccc21,ITRSHGNHTXPUQJ-UHFFFAOYSA-N,1,0,set(),[],1,{1},[7290],"{7466, 9691}",[137],Reductive_amination,False,[412],"A0503a, A0759a"
10086,Cn1c(CNCC2CCO2)nc2c(Br)cccc21,CWQLRJLNUPARCD-UHFFFAOYSA-N,1,0,set(),[],1,{1},[7292],"{9691, 9783}",[138],Reductive_amination,False,[412],"A0503a, A0759a"
10088,COC1CN(Cc2nc3c(Br)cccc3n2C)C1,GYNDSJSYFJSVMS-UHFFFAOYSA-N,1,0,set(),[],1,{1},[7294],"{9691, 9781}",[139],Reductive_amination,False,[412],"A0503a, A0759a"
10089,C=CC(O)CNCc1nc2c(Br)cccc2n1C,SZGLVIRJGJPUDI-UHFFFAOYSA-N,1,1,{8113},[],1,{1},[7296],"{9691, 9789}",[140],Reductive_amination,False,[412],"A0503a, A0759a"
10095,Cn1c(CNCC(O)CCl)nc2c(Br)cccc21,MGNLVOZMGRXZAQ-UHFFFAOYSA-N,1,0,set(),[],1,{1},[7302],"{9691, 3150}",[141],Reductive_amination,False,[412],"A0503a, A0759a"
10097,Cn1c(CN2CC(O)C2=O)nc2c(Br)cccc21,DKLSAKSXSHJRMY-UHFFFAOYSA-N,1,0,set(),[],1,{1},[7304],"{9691, 1108}",[142],Reductive_amination,False,[412],"A0503a, A0759a"
10100,Cn1c(CN2CC(O)CO2)nc2c(Br)cccc21,UQSFTVLRRQOCER-UHFFFAOYSA-N,1,0,set(),[],1,{1},[7307],"{7489, 9691}",[143],Reductive_amination,False,[412],"A0503a, A0759a"
10101,Cn1c(CNCC2(O)CC2)nc2c(Br)cccc21,HDTFUTRKBUWTJE-UHFFFAOYSA-N,1,0,set(),[],1,{1},[7308],"{9785, 9691}",[144],Reductive_amination,False,[412],"A0503a, A0759a"
10115,Cn1c(CNCC(O)CF)nc2c(Br)cccc21,VPVYLKQMKWSCFF-UHFFFAOYSA-N,1,1,{8145},[],1,{1},[7322],"{9691, 3165}",[145],Reductive_amination,False,[412],"A0503a, A0759a"
10128,Cn1c(CN2CC(O)CO2)nc2cc(Cl)ccc21,SAUWUSDVNYGSFH-UHFFFAOYSA-N,1,2,"{8173, 8174}",[],1,{1},[7335],"{7489, 9709}",[146],Reductive_amination,False,[412],"A0503a, A0759a"
10129,COC(C)CNCc1nc2c(Br)cccc2n1C,RGMXPJZLEJZBGA-UHFFFAOYSA-N,1,1,{8175},[],1,{1},[7336],"{9691, 9790}",[147],Reductive_amination,False,[412],"A0503a, A0759a"
10138,Cn1c(CNCC2CCO2)nc2cc(Cl)ccc21,NVAGAEJWDIMWIH-UHFFFAOYSA-N,1,0,set(),[],1,{1},[7345],"{9709, 9783}",[148],Reductive_amination,False,[412],"A0503a, A0759a"
10143,COC1CN(Cc2nc3cc(Cl)ccc3n2C)C1,UQEBARZFGYIVPR-UHFFFAOYSA-N,1,1,{8199},[],1,{1},[7352],"{9781, 9709}",[149],Reductive_amination,False,[412],"A0503a, A0759a"
10145,Cn1c(CN2CCC(O)C2)nc2cc(Cl)ccc21,MWWSHHRUSHRVQX-UHFFFAOYSA-N,1,2,"{8202, 8203}",[],1,{1},[7354],"{7466, 9709}",[150],Reductive_amination,False,[412],"A0503a, A0759a"
10152,Cn1c(CNCC(O)CO)nc2c(Br)cccc21,FDXDDTQIZNKCKJ-UHFFFAOYSA-N,1,1,{8218},[],1,{1},[7361],"{3185, 9691}",[151],Reductive_amination,False,[412],"A0503a, A0759a"
10153,CCC(O)CNCc1nc2c(Br)cccc2n1C,UOXCRUBNRXXNEC-UHFFFAOYSA-N,1,1,{8219},[],1,{1},[7362],"{9691, 3172}",[152],Reductive_amination,False,[412],"A0503a, A0759a"
10154,CC(O)C(C)NCc1nc2c(Br)cccc2n1C,MDNAENHUYIVKLT-UHFFFAOYSA-N,1,0,set(),[],1,{1},[7363],"{9691, 3175}",[153],Reductive_amination,False,[412],"A0503a, A0759a"
10155,CC(O)C(=S)NCc1nc2c(Br)cccc2n1C,LJOLGZVSJVSVQK-UHFFFAOYSA-N,1,0,set(),[],1,{1},[7364],"{3179, 9691}",[154],Reductive_amination,False,[412],"A0503a, A0759a"
10156,CC(O)C(=O)NCc1nc2c(Br)cccc2n1C,XTXQWLCAAHARGR-UHFFFAOYSA-N,1,1,{8220},[],1,{1},[7365],"{1115, 9691}",[155],Reductive_amination,False,[412],"A0503a, A0759a"
10157,Cn1c(CNCC(C)(C)O)nc2c(Br)cccc21,VRYXKLPTUUNJTN-UHFFFAOYSA-N,1,0,set(),[],1,{1},[7367],"{3187, 9691}",[156],Reductive_amination,False,[412],"A0503a, A0759a"
10160,C#CC(O)CNCc1nc2c(Br)cccc2n1C,GPESFLDMEQZRNQ-UHFFFAOYSA-N,1,0,set(),[],1,{1},[7370],"{9691, 9791}",[157],Reductive_amination,False,[412],"A0503a, A0759a"
10173,CCn1c(CNCC2CCO2)nc2ccccc21,XKRVZYLUYFCIMI-UHFFFAOYSA-N,1,2,"{15866, 8255}",[],1,{1},[7383],"{9710, 9783}",[158],Reductive_amination,False,"[412, 421]","A0503a, A0759a"
10302,CCn1c(CN2CCC(O)C2)nc2ccccc21,QZKBSQBEWBFKMP-UHFFFAOYSA-N,1,4,"{15880, 8485, 8486, 15879}",[],1,{1},[7517],"{7466, 9710}",[159],Reductive_amination,False,"[412, 421]","A0503a, A0759a"
10344,CCn1c(CN2CC(O)C2=O)nc2ccccc21,SXUFZSIWIWWDHV-UHFFFAOYSA-N,1,4,"{8546, 8547, 15844, 15843}",[],1,{1},[7563],"{1108, 9710}",[160],Reductive_amination,False,"[412, 421]","A0503a, A0759a"
10347,CCn1c(CN2CC(O)CO2)nc2ccccc21,ATXHGJZXTDOWGD-UHFFFAOYSA-N,1,4,"{8552, 15848, 15847, 8551}",[],1,{1},[7566],"{7489, 9710}",[161],Reductive_amination,False,"[412, 421]","A0503a, A0759a"
10348,CCn1c(CNCC2(O)CC2)nc2ccccc21,TYAGZFOPHREZNS-UHFFFAOYSA-N,1,0,set(),[],1,{1},[7567],"{9785, 9710}",[162],Reductive_amination,False,"[412, 421]","A0503a, A0759a"
10352,CCn1c(CNCC(O)CCl)nc2ccccc21,MBROUBOZBHUZPV-UHFFFAOYSA-N,1,2,"{8554, 15838}",[],1,{1},[7573],"{9710, 3150}",[163],Reductive_amination,False,"[412, 421]","A0503a, A0759a"
10359,CCn1c(CNCC(O)CO)nc2ccccc21,LGJBBIICIPQYPK-UHFFFAOYSA-N,1,2,"{8569, 15931}",[],1,{1},[7580],"{3185, 9710}",[164],Reductive_amination,False,"[412, 421]","A0503a, A0759a"
10360,CCC(O)CNCc1nc2ccccc2n1CC,YRPXHAGESZGDTK-UHFFFAOYSA-N,1,2,"{15929, 8570}",[],1,{1},[7581],"{3172, 9710}",[165],Reductive_amination,False,"[412, 421]","A0503a, A0759a"
10361,CCn1c(CNC(C)C(C)O)nc2ccccc21,LVKJXSWBQAHDBK-UHFFFAOYSA-N,1,6,"{15952, 15953, 15954, 15955, 8571, 8572}",[],1,{1},[7582],"{9710, 3175}",[166],Reductive_amination,False,"[412, 421]","A0503a, A0759a"
10362,CCn1c(CNC(=S)C(C)O)nc2ccccc21,RPQMPROZDGJWKA-UHFFFAOYSA-N,1,0,set(),[],1,{1},[7583],"{3179, 9710}",[167],Reductive_amination,False,"[412, 421]","A0503a, A0759a"
10364,CCn1c(CNC(=O)C(C)O)nc2ccccc21,LGUDTQVJHOEIBQ-UHFFFAOYSA-N,1,1,{15951},[],1,{1},[7585],"{1115, 9710}",[168],Reductive_amination,False,"[412, 421]","A0503a, A0759a"
10365,CCn1c(CNCC(C)(C)O)nc2ccccc21,BIOPABNVSNHFII-UHFFFAOYSA-N,1,2,"{15912, 8575}",[],1,{1},[7586],"{3187, 9710}",[169],Reductive_amination,False,"[412, 421]","A0503a, A0759a"
10368,C#CC(O)CNCc1nc2ccccc2n1CC,XHTJFNYIFITLQS-UHFFFAOYSA-N,1,3,"{8578, 15860, 15861}",[],1,{1},[7589],"{9710, 9791}",[170],Reductive_amination,False,"[412, 421]","A0503a, A0759a"
10369,CCn1c(CNCC(C)OC)nc2ccccc21,HGSIJTXUTMKVLH-UHFFFAOYSA-N,1,3,"{8579, 8580, 15831}",[],1,{1},[7590],"{9790, 9710}",[171],Reductive_amination,False,"[412, 421]","A0503a, A0759a"
10370,CCn1c(CNCC(O)CF)nc2ccccc21,HMJKUQYLOFLGGN-UHFFFAOYSA-N,1,2,"{15832, 15833}",[],1,{1},[7591],"{3165, 9710}",[172],Reductive_amination,False,"[412, 421]","A0503a, A0759a"
10371,C=CC(O)CNCc1nc2ccccc2n1CC,ZHRPEEPMTZATCU-UHFFFAOYSA-N,1,2,"{15837, 8581}",[],1,{1},[7592],"{9789, 9710}",[173],Reductive_amination,False,"[412, 421]","A0503a, A0759a"
10612,Cn1c(CNCC(O)CO)nc2cc(Br)ccc21,OUXTYWCGLZJNHE-UHFFFAOYSA-N,1,1,{8965},[],1,{1},[7843],"{3185, 9707}",[174],Reductive_amination,False,[412],"A0503a, A0759a"
10613,CCC(O)CNCc1nc2cc(Br)ccc2n1C,RUTMBQQVWLGBSH-UHFFFAOYSA-N,1,1,{8966},[],1,{1},[7844],"{9707, 3172}",[175],Reductive_amination,False,[412],"A0503a, A0759a"
10629,CCCn1c(CNCC(C)O)nc2ccccc21,XXAYDKWOLLZKLD-UHFFFAOYSA-N,1,3,"{8972, 8973, 15791}",[],1,{1},[7862],"{9755, 3134}",[176],Reductive_amination,False,"[412, 421]","A0503a, A0759a"
10653,CCCn1c(CNC2CC2O)nc2ccccc21,BTUVFHAVKDWMME-UHFFFAOYSA-N,1,7,"{9002, 9003, 15788, 9004, 15787, 15789, 15790}",[],1,{1},[7886],"{3136, 9755}",[177],Reductive_amination,False,"[412, 421]","A0503a, A0759a"
10666,Cn1c(CNCC2(O)CC2)nc2cc(Br)ccc21,FBFCKFNMWQWNRJ-UHFFFAOYSA-N,1,0,set(),[],1,{1},[7899],"{9785, 9707}",[178],Reductive_amination,False,[412],"A0503a, A0759a"
10670,COC1CN(Cc2nc3cc(Br)ccc3n2C)C1,VQUHBRNNMGCDHS-UHFFFAOYSA-N,1,1,{9018},[],1,{1},[7905],"{9707, 9781}",[179],Reductive_amination,False,[412],"A0503a, A0759a"
10671,Cn1c(CN2CCC(O)C2)nc2cc(Br)ccc21,LFJKWEQCYLDMAI-UHFFFAOYSA-N,1,2,"{9019, 9020}",[],1,{1},[7906],"{7466, 9707}",[180],Reductive_amination,False,[412],"A0503a, A0759a"
10672,Cn1c(CN2CC(O)CO2)nc2cc(Br)ccc21,PPQKIAAMXLZMGW-UHFFFAOYSA-N,1,2,"{9021, 9022}",[],1,{1},[7907],"{7489, 9707}",[181],Reductive_amination,False,[412],"A0503a, A0759a"
10675,Cn1c(CN2CC(O)C2=O)nc2cc(Br)ccc21,OMKMPVJTWMTHMU-UHFFFAOYSA-N,1,2,"{9025, 9026}",[],1,{1},[7910],"{9707, 1108}",[182],Reductive_amination,False,[412],"A0503a, A0759a"
10676,CC(O)C(C)NCc1nc2cc(Br)ccc2n1C,VLGQAIRCBCVAEJ-UHFFFAOYSA-N,1,2,"{9027, 9028}",[],1,{1},[7911],"{9707, 3175}",[183],Reductive_amination,False,[412],"A0503a, A0759a"
10677,CC(O)C(=S)NCc1nc2cc(Br)ccc2n1C,QGZUWGCWMOCYOM-UHFFFAOYSA-N,1,0,set(),[],1,{1},[7912],"{3179, 9707}",[184],Reductive_amination,False,[412],"A0503a, A0759a"
10678,CC(O)C(=O)NCc1nc2cc(Br)ccc2n1C,JPRYMQJWPLIDOG-UHFFFAOYSA-N,1,1,{9029},[],1,{1},[7913],"{1115, 9707}",[185],Reductive_amination,False,[412],"A0503a, A0759a"
10679,Cn1c(CNCC(C)(C)O)nc2cc(Br)ccc21,HWZSYANXVRMCIF-UHFFFAOYSA-N,1,1,{9031},[],1,{1},[7915],"{3187, 9707}",[186],Reductive_amination,False,[412],"A0503a, A0759a"
10683,C#CC(O)CNCc1nc2cc(Br)ccc2n1C,NABJMHRFXGYWMX-UHFFFAOYSA-N,1,1,{9035},[],1,{1},[7919],"{9707, 9791}",[187],Reductive_amination,False,[412],"A0503a, A0759a"
10684,Cn1c(CNCC(O)CF)nc2cc(Br)ccc21,RJVUQHLOAPNUJD-UHFFFAOYSA-N,1,1,{9036},[],1,{1},[7920],"{9707, 3165}",[188],Reductive_amination,False,[412],"A0503a, A0759a"
10685,C=CC(O)CNCc1nc2cc(Br)ccc2n1C,PNWJUAYNYGVDRY-UHFFFAOYSA-N,1,1,{9037},[],1,{1},[7921],"{9707, 9789}",[189],Reductive_amination,False,[412],"A0503a, A0759a"
10689,Cn1c(CNCC(O)CCl)nc2cc(Br)ccc21,AHLZWDLOZLJKPH-UHFFFAOYSA-N,1,1,{9041},[],1,{1},[7925],"{9707, 3150}",[190],Reductive_amination,False,[412],"A0503a, A0759a"
10691,COC(C)CNCc1nc2cc(Br)ccc2n1C,FHACHRBXLHTEKU-UHFFFAOYSA-N,1,1,{9044},[],1,{1},[7927],"{9707, 9790}",[191],Reductive_amination,False,[412],"A0503a, A0759a"
10692,Cn1c(CNCC2CCO2)nc2cc(Br)ccc21,KSPXQYNGRPSHSI-UHFFFAOYSA-N,1,0,set(),[],1,{1},[7928],"{9707, 9783}",[192],Reductive_amination,False,[412],"A0503a, A0759a"
10700,CCCn1c(CN2CC(O)C2)nc2ccccc21,ZNZRQAIMTMKSRL-UHFFFAOYSA-N,1,2,"{15785, 9052}",[],1,{1},[7937],"{9755, 3199}",[193],Reductive_amination,False,"[412, 421]","A0503a, A0759a"
10727,C=CCn1c(CNCC(C)O)nc2ccccc21,XAGBOEFHBCZTBV-UHFFFAOYSA-N,1,3,"{15755, 15756, 9103}",[],1,{1},[7964],"{9760, 3134}",[194],Reductive_amination,False,"[412, 421]","A0503a, A0759a"
10728,C=CCn1c(CNC2CC2O)nc2ccccc21,FOOSBHKRJLDDRC-UHFFFAOYSA-N,1,6,"{15752, 15753, 15754, 9104, 9105, 9106}",[],1,{1},[7965],"{3136, 9760}",[195],Reductive_amination,False,"[412, 421]","A0503a, A0759a"
10730,C=CCn1c(CN2CC(O)C2)nc2ccccc21,GDUGKKIJXCNRBZ-UHFFFAOYSA-N,1,2,"{9108, 15750}",[],1,{1},[7967],"{9760, 3199}",[196],Reductive_amination,False,"[412, 421]","A0503a, A0759a"
10909,CC(C)n1c(CN2CC(O)C2)nc2ccccc21,GATSUDDWZQRSBQ-UHFFFAOYSA-N,1,2,"{15794, 9403}",[],1,{1},[8153],"{9767, 3199}",[197],Reductive_amination,False,"[412, 421]","A0503a, A0759a"
10911,CC(C)n1c(CNC2CC2O)nc2ccccc21,IKEKJVPEJBFDPW-UHFFFAOYSA-N,1,8,"{15746, 15747, 15748, 15749, 9404, 9405, 9406, 9407}",[],1,{1},[8155],"{3136, 9767}",[198],Reductive_amination,False,"[412, 421]","A0503a, A0759a"
10912,CC(O)CNCc1nc2ccccc2n1C(C)C,AOQLUYMDGCWRED-UHFFFAOYSA-N,1,2,"{9408, 15725}",[],1,{1},[8156],"{3134, 9767}",[199],Reductive_amination,False,"[412, 421]","A0503a, A0759a"
11068,C#CCC(O)CNCc1nc2ccccc2n1C,GQFJHBBYNZWUNJ-UHFFFAOYSA-N,1,1,{9638},[],1,{1},[8319],"{9684, 9798}",[200],Reductive_amination,False,[412],"A0503a, A0759a"
11085,CCC(NCc1nc2ccccc2n1C)C(C)O,HREVSRNNBVSIIX-UHFFFAOYSA-N,1,2,"{9659, 9660}",[],1,{1},[8336],"{9802, 9684}",[201],Reductive_amination,False,[412],"A0503a, A0759a"
11087,CCC(O)C(=O)NCc1nc2ccccc2n1C,SVDCWRDBMBHNAS-UHFFFAOYSA-N,1,1,{9662},[],1,{1},[8338],"{9684, 1157}",[202],Reductive_amination,False,[412],"A0503a, A0759a"
11088,COCC(O)CNCc1nc2ccccc2n1C,SSYKJJSRPGGPCZ-UHFFFAOYSA-N,1,1,{9663},[],1,{1},[8339],"{7512, 9684}",[203],Reductive_amination,False,[412],"A0503a, A0759a"
11090,Cn1c(CNC(=O)C(C)(C)O)nc2ccccc21,NMGHEMMFPZMBIY-UHFFFAOYSA-N,1,1,{9665},[],1,{1},[8341],"{1184, 9684}",[204],Reductive_amination,False,[412],"A0503a, A0759a"
11093,CSCC(O)CNCc1nc2ccccc2n1C,SOXRIZLTXNUSCR-UHFFFAOYSA-N,1,1,{9668},[],1,{1},[8345],"{9684, 9807}",[205],Reductive_amination,False,[412],"A0503a, A0759a"
11094,Cn1c(CNCC(O)CC#N)nc2ccccc21,LGQCGFLNRQBSGE-UHFFFAOYSA-N,1,1,{9669},[],1,{1},[8346],"{9808, 9684}",[206],Reductive_amination,False,[412],"A0503a, A0759a"
11095,CC(O)C(=O)N(C)Cc1nc2ccccc2n1C,JTKUHPOHLCMWAA-UHFFFAOYSA-N,1,0,set(),[],1,{1},[8347],"{1160, 9684}",[207],Reductive_amination,False,[412],"A0503a, A0759a"
11097,CCCC(O)CNCc1nc2ccccc2n1C,AABQZIZQFNGHMO-UHFFFAOYSA-N,1,1,{9671},[],1,{1},[8349],"{9810, 9684}",[208],Reductive_amination,False,[412],"A0503a, A0759a"
11099,CCC(O)C(C)NCc1nc2ccccc2n1C,HHGHYYLAJCYWOT-UHFFFAOYSA-N,1,2,"{9674, 9675}",[],1,{1},[8351],"{9684, 9812}",[209],Reductive_amination,False,[412],"A0503a, A0759a"
11168,Cn1c(CNCC(O)C(=O)O)nc2ccccc21,IDRWKIZJVYFPTR-UHFFFAOYSA-N,1,1,{9756},[],1,{1},[8423],"{1168, 9684}",[210],Reductive_amination,False,[412],"A0503a, A0759a"
11207,Cn1c(CNCC(O)C(F)F)nc2ccccc21,HTSAJQNCBJPGHQ-UHFFFAOYSA-N,1,1,{9799},[],1,{1},[8465],"{9817, 9684}",[211],Reductive_amination,False,[412],"A0503a, A0759a"
11215,CC(O)C(CO)NCc1nc2ccccc2n1C,MPYREXBAPMHQFJ-UHFFFAOYSA-N,1,2,"{9808, 9809}",[],1,{1},[8473],"{9684, 9822}",[212],Reductive_amination,False,[412],"A0503a, A0759a"
11217,Cn1c(CNCC(O)CO)nc2cc(F)ccc21,RYRYOVDBEKATKU-UHFFFAOYSA-N,1,2,"{18802, 9813}",[],1,{1},[8476],"{9688, 3185}",[213],Reductive_amination,False,"[411, 412]","A0503a, A0759a"
11221,Cn1c(CN2CCC(O)C2)nc2cc(F)ccc21,MLVFWVJYJKQWMH-UHFFFAOYSA-N,1,4,"{18816, 18817, 9818, 9819}",[],1,{1},[8480],"{9688, 7466}",[214],Reductive_amination,False,"[411, 412]","A0503a, A0759a"
11222,COC1CN(Cc2nc3cc(F)ccc3n2C)C1,HWKCLTUXRWJRPA-UHFFFAOYSA-N,1,2,"{9820, 18815}",[],1,{1},[8481],"{9688, 9781}",[215],Reductive_amination,False,"[411, 412]","A0503a, A0759a"
11251,Cn1c(CN2CC(O)C2=O)nc2cc(F)ccc21,DGUGIRWLDDSXBS-UHFFFAOYSA-N,1,4,"{18792, 9859, 9860, 18791}",[],1,{1},[8512],"{9688, 1108}",[216],Reductive_amination,False,"[411, 412]","A0503a, A0759a"
11253,C#CC(O)CNCc1nc2cc(F)ccc2n1C,QUYVWXZXNBEKHP-UHFFFAOYSA-N,1,2,"{18800, 9862}",[],1,{1},[8514],"{9688, 9791}",[217],Reductive_amination,False,"[411, 412]","A0503a, A0759a"
11255,Cn1c(CNCC(O)CCl)nc2cc(F)ccc21,RFSFCOZFSRJTNH-UHFFFAOYSA-N,1,2,"{18793, 9866}",[],1,{1},[8516],"{9688, 3150}",[218],Reductive_amination,False,"[411, 412]","A0503a, A0759a"
11258,COC(C)CNCc1nc2cc(F)ccc2n1C,BJBYLYRTCLMVAA-UHFFFAOYSA-N,1,2,"{9869, 18799}",[],1,{1},[8519],"{9688, 9790}",[219],Reductive_amination,False,"[411, 412]","A0503a, A0759a"
11259,Cn1c(CNCC(O)CF)nc2cc(F)ccc21,IESQXOJVTHOBIG-UHFFFAOYSA-N,1,2,"{18798, 9870}",[],1,{1},[8520],"{9688, 3165}",[220],Reductive_amination,False,"[411, 412]","A0503a, A0759a"
11260,C=CC(O)CNCc1nc2cc(F)ccc2n1C,QUYZZBAEOUUSNR-UHFFFAOYSA-N,1,2,"{18797, 9871}",[],1,{1},[8521],"{9688, 9789}",[221],Reductive_amination,False,"[411, 412]","A0503a, A0759a"
11261,Cn1c(CNCC2CCO2)nc2cc(F)ccc21,FEPFCWSHVGNJPE-UHFFFAOYSA-N,1,0,set(),[],1,{1},[8522],"{9688, 9783}",[222],Reductive_amination,False,"[411, 412]","A0503a, A0759a"
11264,Cn1c(CN2CC(O)CO2)nc2cc(F)ccc21,RNUWMTAZPDUXLG-UHFFFAOYSA-N,1,3,"{9874, 9875, 18814}",[],1,{1},[8525],"{9688, 7489}",[223],Reductive_amination,False,"[411, 412]","A0503a, A0759a"
11265,Cn1c(CNCC(C)(C)O)nc2cc(F)ccc21,KUJDBFDXKWYLKU-UHFFFAOYSA-N,1,2,"{9876, 18805}",[],1,{1},[8526],"{9688, 3187}",[224],Reductive_amination,False,"[411, 412]","A0503a, A0759a"
11270,CCC(O)CNCc1nc2cc(F)ccc2n1C,GVCQFQHTKYCQRA-UHFFFAOYSA-N,1,2,"{18803, 9884}",[],1,{1},[8533],"{9688, 3172}",[225],Reductive_amination,False,"[411, 412]","A0503a, A0759a"
11271,CC(O)C(C)NCc1nc2cc(F)ccc2n1C,PRRNXHKZZPKYCF-UHFFFAOYSA-N,1,4,"{18810, 18811, 9885, 9886}",[],1,{1},[8534],"{9688, 3175}",[226],Reductive_amination,False,"[411, 412]","A0503a, A0759a"
11272,Cn1c(CNCC2(O)CC2)nc2cc(F)ccc21,AXHNJTVYGJZYOM-UHFFFAOYSA-N,1,0,set(),[],1,{1},[8535],"{9688, 9785}",[227],Reductive_amination,False,"[411, 412]","A0503a, A0759a"
11273,CC(O)C(=S)NCc1nc2cc(F)ccc2n1C,ZOGGSBDNKYKMMC-UHFFFAOYSA-N,1,0,set(),[],1,{1},[8536],"{9688, 3179}",[228],Reductive_amination,False,"[411, 412]","A0503a, A0759a"
11274,CC(O)C(=O)NCc1nc2cc(F)ccc2n1C,MHGYMKNQEXJXEM-UHFFFAOYSA-N,1,2,"{18808, 9887}",[],1,{1},[8537],"{9688, 1115}",[229],Reductive_amination,False,"[411, 412]","A0503a, A0759a"
11383,CC(O)CN(C)Cc1nc2ccccc2n1C(C)C,KRHKBPBHULGIDK-UHFFFAOYSA-N,1,2,"{17641, 10051}",[],1,{1},[8648],"{3216, 9767}",[230],Reductive_amination,False,"[412, 421]","A0503a, A0759a"
11384,CC(C)n1c(CNCC(C)(C)O)nc2ccccc21,YCYYZXBXNPXTIG-UHFFFAOYSA-N,1,1,{10052},[],1,{1},[8649],"{3187, 9767}",[231],Reductive_amination,False,"[412, 421]","A0503a, A0759a"
11401,CC(O)C(=O)NCc1nc2ccccc2n1C(C)C,UYRYOFITCAUHST-UHFFFAOYSA-N,1,2,"{17640, 10083}",[],1,{1},[8666],"{1115, 9767}",[232],Reductive_amination,False,"[412, 421]","A0503a, A0759a"
11402,CC(O)C(=S)NCc1nc2ccccc2n1C(C)C,XBDLVQVFGBSYTQ-UHFFFAOYSA-N,1,0,set(),[],1,{1},[8667],"{3179, 9767}",[233],Reductive_amination,False,"[412, 421]","A0503a, A0759a"
11403,CC(O)C(C)NCc1nc2ccccc2n1C(C)C,ZZXBRNWNSCAIRD-UHFFFAOYSA-N,1,5,"{10084, 10085, 17638, 10086, 17639}",[],1,{1},[8668],"{9767, 3175}",[234],Reductive_amination,False,"[412, 421]","A0503a, A0759a"
11404,CCC(O)CNCc1nc2ccccc2n1C(C)C,IWLLASXATNVMNZ-UHFFFAOYSA-N,1,2,"{17637, 10087}",[],1,{1},[8669],"{3172, 9767}",[235],Reductive_amination,False,"[412, 421]","A0503a, A0759a"
11418,CC(C)n1c(CNCC(O)CO)nc2ccccc21,WFLDDPMJWCTYHE-UHFFFAOYSA-N,1,2,"{10107, 17636}",[],1,{1},[8683],"{3185, 9767}",[236],Reductive_amination,False,"[412, 421]","A0503a, A0759a"
11423,C=CCn1c(CN2CC(C)(O)C2)nc2ccccc21,FTRNZLLCPGGXJX-UHFFFAOYSA-N,1,2,"{17705, 10114}",[],1,{1},[8688],"{9760, 9794}",[237],Reductive_amination,False,"[412, 421]","A0503a, A0759a"
11425,C=CCn1c(CN2COC(C)C2)nc2ccccc21,JGGLPDDMNHBVGN-UHFFFAOYSA-N,1,3,"{10115, 17284, 17285}",[],1,{1},[8690],"{9760, 9793}",[238],Reductive_amination,False,"[412, 421]","A0503a, A0759a"
11426,C=CCn1c(CNCC2(O)CC2)nc2ccccc21,UQSGWSXDFSGRRQ-UHFFFAOYSA-N,1,2,"{10116, 17286}",[],1,{1},[8691],"{9760, 9785}",[239],Reductive_amination,False,"[412, 421]","A0503a, A0759a"
11427,C=CCn1c(CN2CC(O)CO2)nc2ccccc21,ZNORADCVVBPKTI-UHFFFAOYSA-N,1,4,"{17288, 10117, 10118, 17287}",[],1,{1},[8692],"{9760, 7489}",[240],Reductive_amination,False,"[412, 421]","A0503a, A0759a"
11430,C=CCn1c(CN2CC(O)C2=O)nc2ccccc21,PSJRVPYXUPJWPI-UHFFFAOYSA-N,1,4,"{17296, 10124, 10125, 17295}",[],1,{1},[8695],"{9760, 1108}",[241],Reductive_amination,False,"[412, 421]","A0503a, A0759a"
11432,C=CCn1c(CNCC(O)CCl)nc2ccccc21,YCHDGQSLUPKTPL-UHFFFAOYSA-N,1,4,"{17297, 10130, 10131, 17298}",[],1,{1},[8697],"{9760, 3150}",[242],Reductive_amination,False,"[412, 421]","A0503a, A0759a"
11437,C=CCn1c(CNCC(O)C=C)nc2ccccc21,XWTRPVIMYOOCLF-UHFFFAOYSA-N,1,3,"{10137, 17301, 17302}",[],1,{1},[8702],"{9760, 9789}",[243],Reductive_amination,False,"[412, 421]","A0503a, A0759a"
11438,C=CCn1c(CNCC(O)CF)nc2ccccc21,QHMJZIVBKBUGKL-UHFFFAOYSA-N,1,2,"{10138, 17306}",[],1,{1},[8703],"{9760, 3165}",[244],Reductive_amination,False,"[412, 421]","A0503a, A0759a"
11439,C=CCn1c(CNCC(C)OC)nc2ccccc21,UBIIDIPIIXVHMS-UHFFFAOYSA-N,1,2,"{10139, 17283}",[],1,{1},[8704],"{9760, 9790}",[245],Reductive_amination,False,"[412, 421]","A0503a, A0759a"
11440,C#CC(O)CNCc1nc2ccccc2n1CC=C,OSPOLEJALMYJJQ-UHFFFAOYSA-N,1,2,"{10140, 17294}",[],1,{1},[8705],"{9760, 9791}",[246],Reductive_amination,False,"[412, 421]","A0503a, A0759a"
11444,C=CCn1c(CNCC(C)(C)O)nc2ccccc21,TWBAFEXSSRAFBD-UHFFFAOYSA-N,1,2,"{10145, 17251}",[],1,{1},[8709],"{9760, 3187}",[247],Reductive_amination,False,"[412, 421]","A0503a, A0759a"
11446,C=CCn1c(CN(C)CC(C)O)nc2ccccc21,RJABYDNANUBRDJ-UHFFFAOYSA-N,1,3,"{10147, 17252, 17253}",[],1,{1},[8711],"{3216, 9760}",[248],Reductive_amination,False,"[412, 421]","A0503a, A0759a"
11459,C=CCn1c(CN2CC(OC)C2)nc2ccccc21,KNVBYFWLRRFWKI-UHFFFAOYSA-N,1,2,"{17691, 10173}",[],1,{1},[8724],"{9760, 9781}",[249],Reductive_amination,False,"[412, 421]","A0503a, A0759a"
11460,C=CCn1c(CN2CC(O)C2C)nc2ccccc21,VZVHMAHGDRGMGU-UHFFFAOYSA-N,1,7,"{10176, 10177, 17688, 17689, 17690, 10174, 10175}",[],1,{1},[8725],"{9760, 9796}",[250],Reductive_amination,False,"[412, 421]","A0503a, A0759a"
11463,C=CCn1c(CNC(=O)C(C)O)nc2ccccc21,KWTJROXMQUPEPJ-UHFFFAOYSA-N,1,1,{10183},[],1,{1},[8728],"{9760, 1115}",[251],Reductive_amination,False,"[412, 421]","A0503a, A0759a"
11464,C=CCn1c(CNC(=S)C(C)O)nc2ccccc21,JPYUCADTUPBGFR-UHFFFAOYSA-N,1,0,set(),[],1,{1},[8729],"{9760, 3179}",[252],Reductive_amination,False,"[412, 421]","A0503a, A0759a"
11465,C=CCn1c(CNC(C)C(C)O)nc2ccccc21,BATNRKBKWUIUQM-UHFFFAOYSA-N,1,4,"{10184, 10185, 17254, 17255}",[],1,{1},[8730],"{9760, 3175}",[253],Reductive_amination,False,"[412, 421]","A0503a, A0759a"
11486,C=CCn1c(CNCC(O)CC)nc2ccccc21,YRCQPPMNGKAVDB-UHFFFAOYSA-N,1,2,"{17256, 10225}",[],1,{1},[8751],"{9760, 3172}",[254],Reductive_amination,False,"[412, 421]","A0503a, A0759a"
11487,C=CCn1c(CNCC(O)CO)nc2ccccc21,NOEMEUNRPICEIT-UHFFFAOYSA-N,1,3,"{10226, 17259, 17258}",[],1,{1},[8752],"{9760, 3185}",[255],Reductive_amination,False,"[412, 421]","A0503a, A0759a"
11527,C=CCn1c(CNCC2CCO2)nc2ccccc21,FNGWZQUSYPGVFF-UHFFFAOYSA-N,1,1,{10278},[],1,{1},[8792],"{9760, 9783}",[256],Reductive_amination,False,"[412, 421]","A0503a, A0759a"
11529,C=CCn1c(CNC2CCC2O)nc2ccccc21,XNETTYZBVGGNHA-UHFFFAOYSA-N,1,5,"{10281, 10282, 10283, 10284, 17693}",[],1,{1},[8794],"{9760, 9792}",[257],Reductive_amination,False,"[412, 421]","A0503a, A0759a"
11530,C=CCn1c(CN2CCC(O)C2)nc2ccccc21,SWBKMNBSGMVOOQ-UHFFFAOYSA-N,1,3,"{17692, 10285, 10286}",[],1,{1},[8795],"{9760, 7466}",[258],Reductive_amination,False,"[412, 421]","A0503a, A0759a"
11555,C#CC(O)CNCc1nc2ccccc2n1C(C)C,RVPDVQPDBVTPLH-UHFFFAOYSA-N,1,3,"{10321, 10322, 17644}",[],1,{1},[8820],"{9791, 9767}",[259],Reductive_amination,False,"[412, 421]","A0503a, A0759a"
12245,COc1ccccc1OC1CN(Cc2cnc3sccn23)C1,WLPAMCMOEYZQIT-UHFFFAOYSA-N,1,1,{11122},[],1,{1},[9337],"{12163, 12068}",[260],Mitsunobu_reaction_with_amine_alcohol_and_thioalcohol,False,[980],"A0503a, A0759a"
12250,COc1ccccc1OC1CN(Cc2c(Cl)nc3sccn23)C1,OVGWDJAFHHPVQL-UHFFFAOYSA-N,1,1,{11134},[],1,{1},[9342],"{12163, 12070}",[261],Mitsunobu_reaction_with_amine_alcohol_and_thioalcohol,False,[980],"A0503a, A0759a"
12256,COc1ccccc1OC(C)CNCc1c(Cl)nc2sccn12,DIRAGULWTOSMEE-UHFFFAOYSA-N,1,1,{11149},[],1,{1},[9348],"{12070, 12159}",[262],Mitsunobu_reaction_with_amine_alcohol_and_thioalcohol,False,[980],"A0503a, A0759a"
12284,COc1ccccc1OC(C)CNCc1c(C)nc2sccn12,HOJJIYMGSVWXGB-UHFFFAOYSA-N,1,1,{11232},[],1,{1},[9376],"{12074, 12159}",[263],Mitsunobu_reaction_with_amine_alcohol_and_thioalcohol,False,[980],"A0503a, A0759a"
12285,Cc1nc2sccn2c1CNCC1(C)COc2ccccc2O1,FLRWOKZDQAXIIJ-UHFFFAOYSA-N,1,2,"{11233, 11234}",[],1,{1},[9377],"{12074, 12165}",[264],Mitsunobu_reaction_with_amine_alcohol_and_thioalcohol,False,[980],"A0503a, A0759a"
12286,COc1ccccc1OC1CN(Cc2c(C)nc3sccn23)C1,ZZGGUWMKDZWCGP-UHFFFAOYSA-N,1,1,{11235},[],1,{1},[9378],"{12074, 12163}",[265],Mitsunobu_reaction_with_amine_alcohol_and_thioalcohol,False,[980],"A0503a, A0759a"
12354,COc1ccc(Cl)cc1OC1CN(Cc2c(Cl)nc3sccn23)C1,JUCZRLNSPXYYAS-UHFFFAOYSA-N,1,1,{11367},[],1,{1},[9446],"{12214, 12070}",[266],Mitsunobu_reaction_with_amine_alcohol_and_thioalcohol,False,[980],"A0503a, A0759a"
12457,COc1ccccc1OC(C)CNC(C)c1c(Cl)nc2sccn12,WCBHGGAFBPPVJF-UHFFFAOYSA-N,1,2,"{11522, 11523}",[],1,{1},[9549],"{12080, 12159}",[267],Mitsunobu_reaction_with_amine_alcohol_and_thioalcohol,False,[980],"A0503a, A0759a"
12459,CC(NCC1(C)COc2ccccc2O1)c1c(Cl)nc2sccn12,MLFMNTAXZRGOSG-UHFFFAOYSA-N,1,4,"{11528, 11529, 11530, 11531}",[],1,{1},[9551],"{12080, 12165}",[268],Mitsunobu_reaction_with_amine_alcohol_and_thioalcohol,False,[980],"A0503a, A0759a"
12460,COc1ccccc1OC1CN(C(C)c2c(Cl)nc3sccn23)C1,LQPSRRJCOJQZPQ-UHFFFAOYSA-N,1,2,"{11532, 11533}",[],1,{1},[9552],"{12080, 12163}",[269],Mitsunobu_reaction_with_amine_alcohol_and_thioalcohol,False,[980],"A0503a, A0759a"
12494,COc1ccccc1OC(C)CNCc1c(OC)nc2sccn12,YSVXZZUVBDTXNL-UHFFFAOYSA-N,1,1,{11646},[],1,{1},[9586],"{12086, 12159}",[270],Mitsunobu_reaction_with_amine_alcohol_and_thioalcohol,False,[980],"A0503a, A0759a"
12495,COc1nc2sccn2c1CNCC1(C)COc2ccccc2O1,CQHVNLMDLNOAAG-UHFFFAOYSA-N,1,2,"{11648, 11647}",[],1,{1},[9587],"{12165, 12086}",[271],Mitsunobu_reaction_with_amine_alcohol_and_thioalcohol,False,[980],"A0503a, A0759a"
12496,COc1ccccc1OC1CN(Cc2c(OC)nc3sccn23)C1,KGFWBDNQECXPTN-UHFFFAOYSA-N,1,1,{11649},[],1,{1},[9588],"{12163, 12086}",[272],Mitsunobu_reaction_with_amine_alcohol_and_thioalcohol,False,[980],"A0503a, A0759a"
12583,Cc1cn2c(CNCC3(C)COc4ccccc4O3)c(C)nc2s1,HMMBNQTXOQNVRX-UHFFFAOYSA-N,1,2,"{11938, 11939}",[],1,{1},[9675],"{12165, 12095}",[273],Mitsunobu_reaction_with_amine_alcohol_and_thioalcohol,False,[980],"A0503a, A0759a"
12607,COc1ccccc1OC(C)CNCc1c(C)nc2sc(C)cn12,XDAWUPSMWBOASJ-UHFFFAOYSA-N,1,1,{12000},[],1,{1},[9699],"{12159, 12095}",[274],Mitsunobu_reaction_with_amine_alcohol_and_thioalcohol,False,[980],"A0503a, A0759a"
12871,COc1ccc(Cl)cc1OC1CN(Cc2c(C)nc3sccn23)C1,UOVAOMGMBGQWSB-UHFFFAOYSA-N,1,1,{12524},[],1,{1},[9963],"{12074, 12214}",[275],Mitsunobu_reaction_with_amine_alcohol_and_thioalcohol,False,[980],"A0503a, A0759a"
13797,COc1ccc(Cl)cc1OC1CN(C(C)c2c(Cl)nc3sccn23)C1,YJWUVEGDRAOMBP-UHFFFAOYSA-N,1,2,"{15238, 15239}",[],1,{1},[10889],"{12080, 12214}",[276],Mitsunobu_reaction_with_amine_alcohol_and_thioalcohol,False,[980],"A0503a, A0759a"
13846,COc1ccc(Cl)cc1OC1CN(Cc2c(OC)nc3sccn23)C1,OREQBTGUXQLJAO-UHFFFAOYSA-N,1,1,{15357},[],1,{1},[10938],"{12214, 12086}",[277],Mitsunobu_reaction_with_amine_alcohol_and_thioalcohol,False,[980],"A0503a, A0759a"
14044,OC1CN(Cc2nc3ccccc3n2C2CC2)C1,FPDSVAKWFGMIGN-UHFFFAOYSA-N,1,1,{15761},[],1,{1},[11064],"{13945, 3199}",[278],Reductive_amination,False,[421],"A0503a, A0759a"
14059,OC1CC1NCc1nc2ccccc2n1C1CC1,IQEZFDRMAQOGPN-UHFFFAOYSA-N,1,4,"{15820, 15821, 15822, 15823}",[],1,{1},[11080],"{3136, 13945}",[279],Reductive_amination,False,[421],"A0503a, A0759a"
14153,CC(C)Cn1c(CN2CC(O)C2)nc2ccccc21,HMTBPAZJDCGLTR-UHFFFAOYSA-N,1,1,{16103},[],1,{1},[11174],"{13953, 3199}",[280],Reductive_amination,False,[421],"A0503a, A0759a"
14241,CC(C)Cn1c(CNC2CC2O)nc2ccccc21,GRQIGHIVSVJKTE-UHFFFAOYSA-N,1,4,"{16242, 16243, 16244, 16245}",[],1,{1},[11262],"{3136, 13953}",[281],Reductive_amination,False,[421],"A0503a, A0759a"
14242,CC(C)Cn1c(CNCC(C)O)nc2ccccc21,BLPBFKWCBJIZBT-UHFFFAOYSA-N,1,1,{16246},[],1,{1},[11263],"{13953, 3134}",[282],Reductive_amination,False,[421],"A0503a, A0759a"
14522,OCC(O)CNCc1nc2ccccc2n1C1CC1,YESXLDUZDIMVGA-UHFFFAOYSA-N,1,2,"{16755, 16756}",[],1,{1},[11543],"{3185, 13945}",[283],Reductive_amination,False,[421],"A0503a, A0759a"
14523,CCC(O)CNCc1nc2ccccc2n1C1CC1,QDXRCISTHPRYQF-UHFFFAOYSA-N,1,1,{16757},[],1,{1},[11544],"{13945, 3172}",[284],Reductive_amination,False,[421],"A0503a, A0759a"
14525,CC(O)C(C)NCc1nc2ccccc2n1C1CC1,VRHZDTWSLYJQPB-UHFFFAOYSA-N,1,3,"{16760, 16761, 16762}",[],1,{1},[11546],"{13945, 3175}",[285],Reductive_amination,False,[421],"A0503a, A0759a"
14548,CC(O)C(=S)NCc1nc2ccccc2n1C1CC1,UFHTZRJTKJYTQU-UHFFFAOYSA-N,1,0,set(),[],1,{1},[11569],"{13945, 3179}",[286],Reductive_amination,False,[421],"A0503a, A0759a"
14549,CC(O)CN(C)Cc1nc2ccccc2n1C1CC1,NOQFPEQRXHFRIG-UHFFFAOYSA-N,1,2,"{16810, 16811}",[],1,{1},[11570],"{3216, 13945}",[287],Reductive_amination,False,[421],"A0503a, A0759a"
14555,CC1C(O)CN1Cc1nc2ccccc2n1C1CC1,IHHOICKDUOJWGI-UHFFFAOYSA-N,1,1,{16823},[],1,{1},[11576],"{13945, 9796}",[288],Reductive_amination,False,[421],"A0503a, A0759a"
14556,COC1CN(Cc2nc3ccccc3n2C2CC2)C1,JABPTQYWHRRBFF-UHFFFAOYSA-N,1,1,{16824},[],1,{1},[11577],"{13945, 9781}",[289],Reductive_amination,False,[421],"A0503a, A0759a"
14557,CC1(O)CN(Cc2nc3ccccc3n2C2CC2)C1,DYGKHHIVCYREDJ-UHFFFAOYSA-N,1,1,{16825},[],1,{1},[11578],"{13945, 9794}",[290],Reductive_amination,False,[421],"A0503a, A0759a"
14558,OC1CCN(Cc2nc3ccccc3n2C2CC2)C1,FXTXNWCRWWTHPQ-UHFFFAOYSA-N,1,2,"{16826, 16827}",[],1,{1},[11579],"{13945, 7466}",[291],Reductive_amination,False,[421],"A0503a, A0759a"
14560,c1ccc2c(c1)nc(CNCC1CCO1)n2C1CC1,VKLQIPALSRYMFR-UHFFFAOYSA-N,1,0,set(),[],1,{1},[11581],"{13945, 9783}",[292],Reductive_amination,False,[421],"A0503a, A0759a"
14566,OC1CCC1NCc1nc2ccccc2n1C1CC1,ADLVFKNBNQFIOO-UHFFFAOYSA-N,1,2,"{16838, 16839}",[],1,{1},[11587],"{9792, 13945}",[293],Reductive_amination,False,[421],"A0503a, A0759a"
14567,CC(O)C(=O)NCc1nc2ccccc2n1C1CC1,VMHPSAHOPCVGCF-UHFFFAOYSA-N,1,2,"{16840, 16841}",[],1,{1},[11588],"{13945, 1115}",[294],Reductive_amination,False,[421],"A0503a, A0759a"
14569,OC1(CNCc2nc3ccccc3n2C2CC2)CC1,MZQUUAPZKWROKI-UHFFFAOYSA-N,1,1,{16844},[],1,{1},[11590],"{9785, 13945}",[295],Reductive_amination,False,[421],"A0503a, A0759a"
14570,CC(C)(O)CNCc1nc2ccccc2n1C1CC1,FQLBTGUQGFYMIW-UHFFFAOYSA-N,1,1,{16845},[],1,{1},[11591],"{13945, 3187}",[296],Reductive_amination,False,[421],"A0503a, A0759a"
14573,C#CC(O)CNCc1nc2ccccc2n1C1CC1,OPDINYFIBUDYNM-UHFFFAOYSA-N,1,2,"{16850, 16851}",[],1,{1},[11594],"{13945, 9791}",[297],Reductive_amination,False,[421],"A0503a, A0759a"
14574,COC(C)CNCc1nc2ccccc2n1C1CC1,VPGLCWWMPONQCS-UHFFFAOYSA-N,1,2,"{16852, 16853}",[],1,{1},[11595],"{13945, 9790}",[298],Reductive_amination,False,[421],"A0503a, A0759a"
14575,CC1CN(Cc2nc3ccccc3n2C2CC2)CO1,OYFITOKNJAUURO-UHFFFAOYSA-N,1,2,"{16854, 16855}",[],1,{1},[11596],"{9793, 13945}",[299],Reductive_amination,False,[421],"A0503a, A0759a"
14576,OC(CF)CNCc1nc2ccccc2n1C1CC1,ORTOLVJJJPCTQJ-UHFFFAOYSA-N,1,2,"{16856, 16857}",[],1,{1},[11597],"{13945, 3165}",[300],Reductive_amination,False,[421],"A0503a, A0759a"
14578,C=CC(O)CNCc1nc2ccccc2n1C1CC1,JRYAEPAKITXBAD-UHFFFAOYSA-N,1,2,"{16860, 16861}",[],1,{1},[11599],"{13945, 9789}",[301],Reductive_amination,False,[421],"A0503a, A0759a"
14580,OC(CCl)CNCc1nc2ccccc2n1C1CC1,UPPJUSVFWFMIBV-UHFFFAOYSA-N,1,2,"{16864, 16865}",[],1,{1},[11601],"{13945, 3150}",[302],Reductive_amination,False,[421],"A0503a, A0759a"
14584,OC1CON(Cc2nc3ccccc3n2C2CC2)C1,BMEKKUCUMAVAMT-UHFFFAOYSA-N,1,2,"{16870, 16871}",[],1,{1},[11605],"{7489, 13945}",[303],Reductive_amination,False,[421],"A0503a, A0759a"
14726,O=C1C(O)CN1Cc1nc2ccccc2n1C1CC1,WLWKTXJQUNCFPJ-UHFFFAOYSA-N,1,2,"{17162, 17163}",[],1,{1},[11747],"{13945, 1108}",[304],Reductive_amination,False,[421],"A0503a, A0759a"
14780,CCCCn1c(CN2CC(O)C2)nc2ccccc21,XNNIACMEOHKRJT-UHFFFAOYSA-N,1,1,{17338},[],1,{1},[11801],"{13986, 3199}",[305],Reductive_amination,False,[421],"A0503a, A0759a"
14783,CCCCn1c(CNC2CC2O)nc2ccccc21,MIHOPLANYLLLLD-UHFFFAOYSA-N,1,4,"{17344, 17341, 17342, 17343}",[],1,{1},[11804],"{3136, 13986}",[306],Reductive_amination,False,[421],"A0503a, A0759a"
14784,CCCCn1c(CNCC(C)O)nc2ccccc21,BHLJQWZFRKXBII-UHFFFAOYSA-N,1,1,{17345},[],1,{1},[11805],"{13986, 3134}",[307],Reductive_amination,False,[421],"A0503a, A0759a"
14912,CC(C)n1c(CN2CC(O)C2=O)nc2ccccc21,SYFMIURLQQNPLY-UHFFFAOYSA-N,1,2,"{17625, 17626}",[],1,{1},[11933],"{1108, 9767}",[308],Reductive_amination,False,[421],"A0503a, A0759a"
14914,CC(C)n1c(CN2CC(O)CO2)nc2ccccc21,OCLQXQRQOHPDGL-UHFFFAOYSA-N,1,0,set(),[],1,{1},[11935],"{7489, 9767}",[309],Reductive_amination,False,[421],"A0503a, A0759a"
14915,CC(C)n1c(CNCC2(O)CC2)nc2ccccc21,DHCYJKYUXPVWMH-UHFFFAOYSA-N,1,1,{17628},[],1,{1},[11936],"{9785, 9767}",[310],Reductive_amination,False,[421],"A0503a, A0759a"
14919,CC(C)n1c(CNCC(O)CCl)nc2ccccc21,YLCGWSSKWCZREL-UHFFFAOYSA-N,1,1,{17634},[],1,{1},[11940],"{3150, 9767}",[311],Reductive_amination,False,[421],"A0503a, A0759a"
14920,C=CC(O)CNCc1nc2ccccc2n1C(C)C,FRYXATQCENHFCH-UHFFFAOYSA-N,1,1,{17635},[],1,{1},[11941],"{9789, 9767}",[312],Reductive_amination,False,[421],"A0503a, A0759a"
14922,COC(C)CNCc1nc2ccccc2n1C(C)C,QQCFRWAIMRQSSX-UHFFFAOYSA-N,1,1,{17645},[],1,{1},[11943],"{9790, 9767}",[313],Reductive_amination,False,[421],"A0503a, A0759a"
14923,CC(C)n1c(CNCC(O)CF)nc2ccccc21,JZXXUMVRPZMXLI-UHFFFAOYSA-N,1,2,"{17646, 17647}",[],1,{1},[11944],"{3165, 9767}",[314],Reductive_amination,False,[421],"A0503a, A0759a"
14936,COC1CN(Cc2nc3ccccc3n2C(C)C)C1,FQCIFSLHQFTETA-UHFFFAOYSA-N,1,1,{17664},[],1,{1},[11957],"{9781, 9767}",[315],Reductive_amination,False,[421],"A0503a, A0759a"
14937,CC(C)n1c(CN2CCC(O)C2)nc2ccccc21,JJFJLPAXKWQEOK-UHFFFAOYSA-N,1,1,{17665},[],1,{1},[11958],"{7466, 9767}",[316],Reductive_amination,False,[421],"A0503a, A0759a"
14938,CC(C)n1c(CNCC2CCO2)nc2ccccc21,AZHKCUSYGFDVFC-UHFFFAOYSA-N,1,0,set(),[],1,{1},[11959],"{9783, 9767}",[317],Reductive_amination,False,[421],"A0503a, A0759a"
14946,CCCn1c(CNCC(O)CCl)nc2ccccc21,UKVLXSOLSJXWNA-UHFFFAOYSA-N,1,2,"{17677, 17678}",[],1,{1},[11967],"{9755, 3150}",[318],Reductive_amination,False,[421],"A0503a, A0759a"
14948,CCCn1c(CN2CC(O)C2=O)nc2ccccc21,PPQZKXQGPRSICN-UHFFFAOYSA-N,1,2,"{17696, 17697}",[],1,{1},[11969],"{9755, 1108}",[319],Reductive_amination,False,[421],"A0503a, A0759a"
14950,CCCn1c(CNCC2CCO2)nc2ccccc21,GUGUYDSZFADCRV-UHFFFAOYSA-N,1,0,set(),[],1,{1},[11971],"{9755, 9783}",[320],Reductive_amination,False,[421],"A0503a, A0759a"
14955,CCCn1c(CNC2CCC2O)nc2ccccc21,QMMFSWARKSZMFM-UHFFFAOYSA-N,1,3,"{17712, 17713, 17714}",[],1,{1},[11976],"{9792, 9755}",[321],Reductive_amination,False,[421],"A0503a, A0759a"
14957,CCCn1c(CN2CCC(O)C2)nc2ccccc21,OWPIFUMZHJBCSW-UHFFFAOYSA-N,1,0,set(),[],1,{1},[11978],"{7466, 9755}",[322],Reductive_amination,False,[421],"A0503a, A0759a"
14958,CCCn1c(CN2CC(O)C2C)nc2ccccc21,SFAYOOMQVLYDOL-UHFFFAOYSA-N,1,4,"{17720, 17721, 17722, 17719}",[],1,{1},[11979],"{9755, 9796}",[323],Reductive_amination,False,[421],"A0503a, A0759a"
14961,CCCn1c(CN2CC(O)CO2)nc2ccccc21,WUPWIAGFMZCPGX-UHFFFAOYSA-N,1,2,"{17728, 17727}",[],1,{1},[11982],"{7489, 9755}",[324],Reductive_amination,False,[421],"A0503a, A0759a"
14962,CCCn1c(CNCC2(O)CC2)nc2ccccc21,JIIAMJJKIBOZMA-UHFFFAOYSA-N,1,1,{17729},[],1,{1},[11983],"{9785, 9755}",[325],Reductive_amination,False,[421],"A0503a, A0759a"
14963,CCCn1c(CN2COC(C)C2)nc2ccccc21,PRQYJPLGJYPOHY-UHFFFAOYSA-N,1,2,"{17730, 17731}",[],1,{1},[11984],"{9793, 9755}",[326],Reductive_amination,False,[421],"A0503a, A0759a"
14965,CCCn1c(CN2CC(OC)C2)nc2ccccc21,LWYRTSWJPYEAHM-UHFFFAOYSA-N,1,1,{17733},[],1,{1},[11986],"{9755, 9781}",[327],Reductive_amination,False,[421],"A0503a, A0759a"
14966,CCCn1c(CN2CC(C)(O)C2)nc2ccccc21,ARFVMWAYWIVSDC-UHFFFAOYSA-N,1,1,{17734},[],1,{1},[11987],"{9794, 9755}",[328],Reductive_amination,False,[421],"A0503a, A0759a"
14973,C=CC(O)CNCc1nc2ccccc2n1CCC,BBXOKGLIJWZVSF-UHFFFAOYSA-N,1,1,{17744},[],1,{1},[11994],"{9755, 9789}",[329],Reductive_amination,False,[421],"A0503a, A0759a"
14996,CCCn1c(CNCC(O)CO)nc2ccccc21,ZDAIIJTVIVWSIR-UHFFFAOYSA-N,1,2,"{17776, 17775}",[],1,{1},[12017],"{3185, 9755}",[330],Reductive_amination,False,[421],"A0503a, A0759a"
14997,CCCn1c(CNCC(O)CC)nc2ccccc21,GWVQOTBEBLUNFF-UHFFFAOYSA-N,1,1,{17777},[],1,{1},[12018],"{9755, 3172}",[331],Reductive_amination,False,[421],"A0503a, A0759a"
14998,CCCn1c(CNC(C)C(C)O)nc2ccccc21,OJAKLPLNHJEXAF-UHFFFAOYSA-N,1,2,"{17778, 17779}",[],1,{1},[12019],"{9755, 3175}",[332],Reductive_amination,False,[421],"A0503a, A0759a"
14999,CCCn1c(CNC(=S)C(C)O)nc2ccccc21,PXNNCYDCUQVPHY-UHFFFAOYSA-N,1,0,set(),[],1,{1},[12020],"{9755, 3179}",[333],Reductive_amination,False,[421],"A0503a, A0759a"
15000,CCCn1c(CNC(=O)C(C)O)nc2ccccc21,LUCGQNFHFQUHNJ-UHFFFAOYSA-N,1,1,{17780},[],1,{1},[12021],"{9755, 1115}",[334],Reductive_amination,False,[421],"A0503a, A0759a"
15001,CCCn1c(CN(C)CC(C)O)nc2ccccc21,GWWAVLRPCBWJQH-UHFFFAOYSA-N,1,2,"{17781, 17782}",[],1,{1},[12022],"{3216, 9755}",[335],Reductive_amination,False,[421],"A0503a, A0759a"
15003,CCCn1c(CNCC(C)(C)O)nc2ccccc21,WGHCLFJPQKAZDH-UHFFFAOYSA-N,1,0,set(),[],1,{1},[12024],"{9755, 3187}",[336],Reductive_amination,False,[421],"A0503a, A0759a"
15005,C#CC(O)CNCc1nc2ccccc2n1CCC,DHYNSSOFUONGRO-UHFFFAOYSA-N,1,1,{17788},[],1,{1},[12026],"{9755, 9791}",[337],Reductive_amination,False,[421],"A0503a, A0759a"
15006,CCCn1c(CNCC(C)OC)nc2ccccc21,WVUHANRJMMTSAH-UHFFFAOYSA-N,1,2,"{17789, 17790}",[],1,{1},[12027],"{9755, 9790}",[338],Reductive_amination,False,[421],"A0503a, A0759a"
15007,CCCn1c(CNCC(O)CF)nc2ccccc21,NCJXNXYSJJVNGK-UHFFFAOYSA-N,1,1,{17791},[],1,{1},[12028],"{9755, 3165}",[339],Reductive_amination,False,[421],"A0503a, A0759a"
15029,C#CCC(O)CNCc1nc2ccccc2n1CC,IJMTWSXMNUEASG-UHFFFAOYSA-N,1,1,{17828},[],1,{1},[12050],"{9798, 9710}",[340],Reductive_amination,False,[421],"A0503a, A0759a"
15031,CCn1c(CN(C)CC(O)CO)nc2ccccc21,RGBBVMJXNPBQMY-UHFFFAOYSA-N,1,1,{17831},[],1,{1},[12052],"{7501, 9710}",[341],Reductive_amination,False,[421],"A0503a, A0759a"
15032,CCC(O)C(C)NCc1nc2ccccc2n1CC,CKGSLSGGOXIMGB-UHFFFAOYSA-N,1,3,"{17832, 17833, 17834}",[],1,{1},[12053],"{9812, 9710}",[342],Reductive_amination,False,[421],"A0503a, A0759a"
15034,CCn1c(CNCC(C)(O)CC)nc2ccccc21,YELNHOORLZLHKU-UHFFFAOYSA-N,1,2,"{17837, 17838}",[],1,{1},[12055],"{9710, 14007}",[343],Reductive_amination,False,[421],"A0503a, A0759a"
15035,CCCC(O)CNCc1nc2ccccc2n1CC,GVVOLKPTAKRLDR-UHFFFAOYSA-N,1,1,{17839},[],1,{1},[12056],"{9810, 9710}",[344],Reductive_amination,False,[421],"A0503a, A0759a"
15036,CCn1c(CN(C)C(=O)C(C)O)nc2ccccc21,VXWLZBVTGWRQDB-UHFFFAOYSA-N,1,0,set(),[],1,{1},[12057],"{1160, 9710}",[345],Reductive_amination,False,[421],"A0503a, A0759a"
15153,COCCn1c(CNCC(C)O)nc2ccccc21,LZWFSTWDHIVOSC-UHFFFAOYSA-N,1,1,{18012},[],1,{1},[12174],"{14000, 3134}",[346],Reductive_amination,False,[421],"A0503a, A0759a"
15154,COCCn1c(CNC2CC2O)nc2ccccc21,LHRITDQLWHFECU-UHFFFAOYSA-N,1,3,"{18013, 18014, 18015}",[],1,{1},[12175],"{3136, 14000}",[347],Reductive_amination,False,[421],"A0503a, A0759a"
15156,COCCn1c(CN2CC(O)C2)nc2ccccc21,HLDKGSLMLFZPJW-UHFFFAOYSA-N,1,1,{18017},[],1,{1},[12177],"{14000, 3199}",[348],Reductive_amination,False,[421],"A0503a, A0759a"
15178,CCn1c(CNCC(O)COC)nc2ccccc21,LUOJRANXOBKAKH-UHFFFAOYSA-N,1,1,{18105},[],1,{1},[12199],"{7512, 9710}",[349],Reductive_amination,False,[421],"A0503a, A0759a"
15179,CCC(O)C(=O)NCc1nc2ccccc2n1CC,YRNBBJZVYHJIQI-UHFFFAOYSA-N,1,0,set(),[],1,{1},[12200],"{1157, 9710}",[350],Reductive_amination,False,[421],"A0503a, A0759a"
15181,CCC(NCc1nc2ccccc2n1CC)C(C)O,GGRKEAGTYCVQHY-UHFFFAOYSA-N,1,2,"{18107, 18108}",[],1,{1},[12202],"{9802, 9710}",[351],Reductive_amination,False,[421],"A0503a, A0759a"
15184,CCn1c(CN(C)CC(O)CF)nc2ccccc21,JOFDWHKSUFJOAT-UHFFFAOYSA-N,1,1,{18112},[],1,{1},[12205],"{9710, 9823}",[352],Reductive_amination,False,[421],"A0503a, A0759a"
15185,CCn1c(CNC(CO)C(C)O)nc2ccccc21,DADBJTFTJKHRSS-UHFFFAOYSA-N,1,2,"{18113, 18114}",[],1,{1},[12206],"{9822, 9710}",[353],Reductive_amination,False,[421],"A0503a, A0759a"
15198,CCn1c(CNCC(O)CC#N)nc2ccccc21,ZDVURYRQTBVZSC-UHFFFAOYSA-N,1,1,{18147},[],1,{1},[12219],"{9808, 9710}",[354],Reductive_amination,False,[421],"A0503a, A0759a"
15203,CCn1c(CNCC(O)CSC)nc2ccccc21,GMLUQHQDOHGYOM-UHFFFAOYSA-N,1,2,"{18155, 18156}",[],1,{1},[12224],"{9710, 9807}",[355],Reductive_amination,False,[421],"A0503a, A0759a"
15213,CCC(O)CN(C)Cc1nc2ccccc2n1CC,BIMOYWZLRCKNBE-UHFFFAOYSA-N,1,1,{18177},[],1,{1},[12234],"{9804, 9710}",[356],Reductive_amination,False,[421],"A0503a, A0759a"
15214,CCn1c(CNC(=O)C(C)(C)O)nc2ccccc21,UEECRTRWIDIOBV-UHFFFAOYSA-N,1,1,{18178},[],1,{1},[12235],"{1184, 9710}",[357],Reductive_amination,False,[421],"A0503a, A0759a"
15232,CCn1c(CNCC(O)C(F)F)nc2ccccc21,WPZRFHJPSOPONJ-UHFFFAOYSA-N,1,1,{18253},[],1,{1},[12253],"{9817, 9710}",[358],Reductive_amination,False,[421],"A0503a, A0759a"
15241,CCn1c(CN(C)CC(C)(C)O)nc2ccccc21,CWNWGQBIEIVKJY-UHFFFAOYSA-N,1,1,{18262},[],1,{1},[12262],"{9801, 9710}",[359],Reductive_amination,False,[421],"A0503a, A0759a"
15243,CCn1c(CNCC(O)C(=O)O)nc2ccccc21,CGSQLRFHLVUZFB-UHFFFAOYSA-N,1,1,{18264},[],1,{1},[12264],"{1168, 9710}",[360],Reductive_amination,False,[421],"A0503a, A0759a"
15566,CN(Cc1nc2cc(F)ccc2n1C)CC(O)CF,GQUVBAPAXMPGEM-UHFFFAOYSA-N,1,1,{19082},[],1,{1},[12550],"{9688, 9823}",[361],Reductive_amination,False,[411],"A0503a, A0759a"
15567,CCC(O)C(C)NCc1nc2cc(F)ccc2n1C,VYRKYXILBKBLQZ-UHFFFAOYSA-N,1,2,"{19086, 19087}",[],1,{1},[12551],"{9688, 9812}",[362],Reductive_amination,False,[411],"A0503a, A0759a"
15568,CN(Cc1nc2cc(F)ccc2n1C)CC(O)CO,RSCVSSKNWXBFKQ-UHFFFAOYSA-N,1,1,{19088},[],1,{1},[12552],"{9688, 7501}",[363],Reductive_amination,False,[411],"A0503a, A0759a"
15570,C#CCC(O)CNCc1nc2cc(F)ccc2n1C,DONOGKHXKYTHHN-UHFFFAOYSA-N,1,1,{19091},[],1,{1},[12554],"{9688, 9798}",[364],Reductive_amination,False,[411],"A0503a, A0759a"
15574,CC(O)C(CO)NCc1nc2cc(F)ccc2n1C,UHJPMBVIUCRAQQ-UHFFFAOYSA-N,1,2,"{19105, 19106}",[],1,{1},[12558],"{9688, 9822}",[365],Reductive_amination,False,[411],"A0503a, A0759a"
15575,CCC(NCc1nc2cc(F)ccc2n1C)C(C)O,OUFGSXPJENYMGZ-UHFFFAOYSA-N,1,2,"{19112, 19111}",[],1,{1},[12559],"{9688, 9802}",[366],Reductive_amination,False,[411],"A0503a, A0759a"
15577,Cn1c(CNCC(O)CC#N)nc2cc(F)ccc21,PJLLEFLOHXCEOE-UHFFFAOYSA-N,1,1,{19144},[],1,{1},[12561],"{9688, 9808}",[367],Reductive_amination,False,[411],"A0503a, A0759a"
15578,CC(O)C(=O)N(C)Cc1nc2cc(F)ccc2n1C,WWQFJOBWFFCGEC-UHFFFAOYSA-N,1,0,set(),[],1,{1},[12562],"{1160, 9688}",[368],Reductive_amination,False,[411],"A0503a, A0759a"
15580,CCC(O)CN(C)Cc1nc2cc(F)ccc2n1C,GFZQNIPBUVUQMP-UHFFFAOYSA-N,1,1,{19145},[],1,{1},[12564],"{9688, 9804}",[369],Reductive_amination,False,[411],"A0503a, A0759a"
15581,Cn1c(CNC(=O)C(C)(C)O)nc2cc(F)ccc21,RFOKIIPCVJUOBE-UHFFFAOYSA-N,1,1,{19146},[],1,{1},[12565],"{1184, 9688}",[370],Reductive_amination,False,[411],"A0503a, A0759a"
15583,COCC(O)CNCc1nc2cc(F)ccc2n1C,LVDARNKGWHQSDI-UHFFFAOYSA-N,1,1,{19148},[],1,{1},[12567],"{7512, 9688}",[371],Reductive_amination,False,[411],"A0503a, A0759a"
15584,CCC(O)C(=O)NCc1nc2cc(F)ccc2n1C,MAGIRGRAZVSOFP-UHFFFAOYSA-N,1,1,{19149},[],1,{1},[12568],"{9688, 1157}",[372],Reductive_amination,False,[411],"A0503a, A0759a"
15591,CCCC(O)CNCc1nc2cc(F)ccc2n1C,HKFJAJYBCBSYHM-UHFFFAOYSA-N,1,1,{19155},[],1,{1},[12575],"{9688, 9810}",[373],Reductive_amination,False,[411],"A0503a, A0759a"
15594,CSCC(O)CNCc1nc2cc(F)ccc2n1C,AJTJXLCESWBNOK-UHFFFAOYSA-N,1,1,{19157},[],1,{1},[12578],"{9688, 9807}",[374],Reductive_amination,False,[411],"A0503a, A0759a"
15597,CN(Cc1nc2cc(F)ccc2n1C)CC(C)(C)O,RNVWNDAXEDIQMK-UHFFFAOYSA-N,1,1,{19160},[],1,{1},[12581],"{9688, 9801}",[375],Reductive_amination,False,[411],"A0503a, A0759a"
15599,Cn1c(CNCC(O)C(=O)O)nc2cc(F)ccc21,IRSSIRHQFPNXAT-UHFFFAOYSA-N,1,1,{19197},[],1,{1},[12583],"{1168, 9688}",[376],Reductive_amination,False,[411],"A0503a, A0759a"
15601,Cn1c(CNCC(O)C(F)F)nc2cc(F)ccc21,IEJDLLRKDNCRQA-UHFFFAOYSA-N,1,1,{19200},[],1,{1},[12585],"{9688, 9817}",[377],Reductive_amination,False,[411],"A0503a, A0759a"
16686,c1cnc(-n2cnc3ccccc32)c(CNCC2CO2)c1,MICUXNPBEAFMGF-UHFFFAOYSA-N,1,2,"{21157, 21158}",[],1,{1},[13557],"{16598, 6854}",[378],Nucleophilic_substitution_with_amine,False,[332],"A0503a, A0759a"
16688,OC1CC1NCc1cccnc1-n1cnc2ccccc21,SNWOHGZOKVSJJQ-UHFFFAOYSA-N,1,4,"{21163, 21164, 21165, 21166}",[],1,{1},[13559],"{6852, 16598}",[379],Nucleophilic_substitution_with_amine,False,[332],"A0503a, A0759a"
16691,CC1OC1CNCc1cccnc1-n1cnc2ccccc21,VLCQQKYYTMXJCX-UHFFFAOYSA-N,1,4,"{21176, 21173, 21174, 21175}",[],1,{1},[13562],"{6872, 16598}",[380],Nucleophilic_substitution_with_amine,False,[332],"A0503a, A0759a"
16693,OC(CF)CNCc1cccnc1-n1cnc2ccccc21,ZZBJTINXWKGESU-UHFFFAOYSA-N,1,2,"{21181, 21182}",[],1,{1},[13564],"{6858, 16598}",[381],Nucleophilic_substitution_with_amine,False,[332],"A0503a, A0759a"
16695,OCC(O)CNCc1cccnc1-n1cnc2ccccc21,KPNJAQBQJHOITN-UHFFFAOYSA-N,1,1,{21187},[],1,{1},[13566],"{6864, 16598}",[382],Nucleophilic_substitution_with_amine,False,[332],"A0503a, A0759a"
16709,NCC(O)CNCc1cccnc1-n1cnc2ccccc21,MVCXMVANZCLLAF-UHFFFAOYSA-N,1,0,set(),[],1,{1},[13580],"{16598, 3150}",[383],Nucleophilic_substitution_with_amine,False,[332],"A0503a, A0759a"
16742,CC(C)(O)CNCc1cccnc1-n1cnc2ccccc21,CEVPGEFPOMEJEN-UHFFFAOYSA-N,1,1,{21270},[],1,{1},[13613],"{6897, 16598}",[384],Nucleophilic_substitution_with_amine,False,[332],"A0503a, A0759a"
16745,CC1(CNCc2cccnc2-n2cnc3ccccc32)CO1,QOHFCJOSGYGVSQ-UHFFFAOYSA-N,1,2,"{21274, 21275}",[],1,{1},[13616],"{6873, 16598}",[385],Nucleophilic_substitution_with_amine,False,[332],"A0503a, A0759a"
16747,COC(C)CNCc1cccnc1-n1cnc2ccccc21,FZABODQPTYVPRA-UHFFFAOYSA-N,1,2,"{21280, 21281}",[],1,{1},[13618],"{16598, 6871}",[386],Nucleophilic_substitution_with_amine,False,[332],"A0503a, A0759a"
16755,CC(O)C(C)NCc1cccnc1-n1cnc2ccccc21,MYRZNBDOOONTPI-UHFFFAOYSA-N,1,2,"{21298, 21299}",[],1,{1},[13626],"{6898, 16598}",[387],Nucleophilic_substitution_with_amine,False,[332],"A0503a, A0759a"
16768,CCC(O)CNCc1cccnc1-n1cnc2ccccc21,RMBRZJWLUXZEHJ-UHFFFAOYSA-N,1,1,{21335},[],1,{1},[13639],"{6856, 16598}",[388],Nucleophilic_substitution_with_amine,False,[332],"A0503a, A0759a"
16814,CCCC(O)CNCc1cccnc1-n1cnc2ccccc21,MZXQYCLSQBSDNW-UHFFFAOYSA-N,1,1,{21378},[],1,{1},[13685],"{6904, 16598}",[389],Nucleophilic_substitution_with_amine,False,[332],"A0503a, A0759a"
16842,CC1(C)OC1CNCc1cccnc1-n1cnc2ccccc21,YIWUQHMBNPDVAX-UHFFFAOYSA-N,1,2,"{21429, 21430}",[],1,{1},[13713],"{9248, 16598}",[390],Nucleophilic_substitution_with_amine,False,[332],"A0503a, A0759a"
16873,O=C(O)C(O)CNCc1cccnc1-n1cnc2ccccc21,ZOMKNALJESSQBQ-UHFFFAOYSA-N,1,1,{21479},[],1,{1},[13744],"{1189, 16598}",[391],Nucleophilic_substitution_with_amine,False,[332],"A0503a, A0759a"
16895,c1cnc(-n2cnc3ccccc32)c(CNCC2CCCO2)c1,RGBGIGOHJOMWGK-UHFFFAOYSA-N,1,1,{21532},[],1,{1},[13766],"{6883, 16598}",[392],Nucleophilic_substitution_with_amine,False,[332],"A0503a, A0759a"
16952,CC(NCc1cccnc1-n1cnc2ccccc21)C(C)(C)O,SMPFOFJAMIJHNA-UHFFFAOYSA-N,1,2,"{21574, 21575}",[],1,{1},[13823],"{16581, 16598}",[393],Nucleophilic_substitution_with_amine,False,[332],"A0503a, A0759a"
17173,CC(C)C(O)CNCc1cccnc1-n1cnc2ccccc21,GUVLKIYKSHKDCX-UHFFFAOYSA-N,1,1,{21946},[],1,{1},[14044],"{16598, 6895}",[394],Nucleophilic_substitution_with_amine,False,[332],"A0503a, A0759a"
17192,c1cnc(-n2cnc3ccccc32)c(CNCC2COCO2)c1,IFRMQENKIXTJBE-UHFFFAOYSA-N,1,2,"{21962, 21963}",[],1,{1},[14063],"{6877, 16598}",[395],Nucleophilic_substitution_with_amine,False,[332],"A0503a, A0759a"
17579,N#CCC(O)CNCc1cccnc1-n1cnc2ccccc21,RSJKRKHDOUVDDK-UHFFFAOYSA-N,1,1,{22634},[],1,{1},[14450],"{16598, 6886}",[396],Nucleophilic_substitution_with_amine,False,[332],"A0503a, A0759a"
18569,c1cc(CNCC2CO2)cc(Cn2cnc3ccccc32)c1,HCBKBMHVBIOFJE-UHFFFAOYSA-N,1,2,"{23862, 23863}",[],1,{1},[15353],"{18481, 6854}",[397],Nucleophilic_substitution_with_amine,False,[318],"A0503a, A0759a"
18570,OC1CC1NCc1cccc(Cn2cnc3ccccc32)c1,IQMBMUPFXRQFOJ-UHFFFAOYSA-N,1,4,"{23864, 23865, 23866, 23867}",[],1,{1},[15354],"{18481, 6852}",[398],Nucleophilic_substitution_with_amine,False,[318],"A0503a, A0759a"
18572,OC(CF)CNCc1cccc(Cn2cnc3ccccc32)c1,MBFQCTUDDJWPCL-UHFFFAOYSA-N,1,1,{23872},[],1,{1},[15356],"{18481, 6858}",[399],Nucleophilic_substitution_with_amine,False,[318],"A0503a, A0759a"
18593,CC(C)(O)CNCc1cccc(Cn2cnc3ccccc32)c1,OMNOBOGEMKMJLU-UHFFFAOYSA-N,1,1,{23938},[],1,{1},[15377],"{6897, 18481}",[400],Nucleophilic_substitution_with_amine,False,[318],"A0503a, A0759a"
18605,N=C(NC1CC1O)c1cccc(Cn2cnc3ccccc32)c1,SVPXSOOEQUHHDX-UHFFFAOYSA-N,1,2,"{23957, 23958}",[],1,{1},[15389],"{6852, 18503}",[401],Nucleophilic_substitution_with_amine,False,[318],"A0503a, A0759a"
18615,OCC(O)CNCc1cccc(Cn2cnc3ccccc32)c1,MORHYVWWTVKRCG-UHFFFAOYSA-N,1,1,{23971},[],1,{1},[15399],"{6864, 18481}",[402],Nucleophilic_substitution_with_amine,False,[318],"A0503a, A0759a"
18618,CC(O)C(C)NCc1cccc(Cn2cnc3ccccc32)c1,WZBPNMZMROGQGZ-UHFFFAOYSA-N,1,3,"{23978, 23979, 23980}",[],1,{1},[15402],"{18481, 6898}",[403],Nucleophilic_substitution_with_amine,False,[318],"A0503a, A0759a"
18624,CC1OC1CNCc1cccc(Cn2cnc3ccccc32)c1,LJNLSZYWMUCQDJ-UHFFFAOYSA-N,1,4,"{23996, 23997, 23998, 23999}",[],1,{1},[15408],"{6872, 18481}",[404],Nucleophilic_substitution_with_amine,False,[318],"A0503a, A0759a"
18626,CC1(CNCc2cccc(Cn3cnc4ccccc43)c2)CO1,ZYTVIBUEPICJTQ-UHFFFAOYSA-N,1,2,"{24004, 24005}",[],1,{1},[15410],"{6873, 18481}",[405],Nucleophilic_substitution_with_amine,False,[318],"A0503a, A0759a"
18630,COC(C)CNCc1cccc(Cn2cnc3ccccc32)c1,NRVIBYOCSZRKFK-UHFFFAOYSA-N,1,2,"{24010, 24011}",[],1,{1},[15414],"{18481, 6871}",[406],Nucleophilic_substitution_with_amine,False,[318],"A0503a, A0759a"
18631,CCC(O)CNCc1cccc(Cn2cnc3ccccc32)c1,ILRPLXUJASBAON-UHFFFAOYSA-N,1,2,"{24012, 24013}",[],1,{1},[15415],"{6856, 18481}",[407],Nucleophilic_substitution_with_amine,False,[318],"A0503a, A0759a"
18632,NCC(O)CNCc1cccc(Cn2cnc3ccccc32)c1,VVRXRNKCIMJJMO-UHFFFAOYSA-N,1,2,"{24014, 24015}",[],1,{1},[15416],"{18481, 3150}",[408],Nucleophilic_substitution_with_amine,False,[318],"A0503a, A0759a"
18661,CC(O)CNC(=N)c1cccc(Cn2cnc3ccccc32)c1,CNWXYFRNMUPJOX-UHFFFAOYSA-N,1,1,{24104},[],1,{1},[15445],"{18503, 6863}",[409],Nucleophilic_substitution_with_amine,False,[318],"A0503a, A0759a"
18683,N=C(NCC1CO1)c1cccc(Cn2cnc3ccccc32)c1,GBUJRVHCTUERSS-UHFFFAOYSA-N,1,0,set(),[],1,{1},[15467],"{6854, 18503}",[410],Nucleophilic_substitution_with_amine,False,[318],"A0503a, A0759a"
18701,CC1(CNC(=N)c2cccc(Cn3cnc4ccccc43)c2)CO1,XQVKXPNUQBINLA-UHFFFAOYSA-N,1,2,"{24160, 24161}",[],1,{1},[15485],"{6873, 18503}",[411],Nucleophilic_substitution_with_amine,False,[318],"A0503a, A0759a"
18704,CC(C)C(O)CNCc1cccc(Cn2cnc3ccccc32)c1,CGFOBFJUIIXRHW-UHFFFAOYSA-N,1,2,"{24164, 24165}",[],1,{1},[15488],"{18481, 6895}",[412],Nucleophilic_substitution_with_amine,False,[318],"A0503a, A0759a"
18779,N#CCC(O)CNCc1cccc(Cn2cnc3ccccc32)c1,CJJBUBQUJQMVHC-UHFFFAOYSA-N,1,2,"{24288, 24289}",[],1,{1},[15563],"{18481, 6886}",[413],Nucleophilic_substitution_with_amine,False,[318],"A0503a, A0759a"
18826,CC1OC1CNC(=N)c1cccc(Cn2cnc3ccccc32)c1,WSAAQAKBXLBIHD-UHFFFAOYSA-N,1,4,"{24436, 24437, 24438, 24439}",[],1,{1},[15610],"{6872, 18503}",[414],Nucleophilic_substitution_with_amine,False,[318],"A0503a, A0759a"
18827,O=C(O)C(O)CNCc1cccc(Cn2cnc3ccccc32)c1,BXEQIDZBZSVCGT-UHFFFAOYSA-N,1,2,"{24440, 24441}",[],1,{1},[15611],"{18481, 1189}",[415],Nucleophilic_substitution_with_amine,False,[318],"A0503a, A0759a"
18850,CC(NCc1cccc(Cn2cnc3ccccc32)c1)C(C)(C)O,CZVRTZJOWGQAFS-UHFFFAOYSA-N,1,2,"{24507, 24508}",[],1,{1},[15634],"{18481, 16581}",[416],Nucleophilic_substitution_with_amine,False,[318],"A0503a, A0759a"
18852,CCCC(O)CNCc1cccc(Cn2cnc3ccccc32)c1,IZRHAQWEQVJSEQ-UHFFFAOYSA-N,1,2,"{24512, 24511}",[],1,{1},[15636],"{6904, 18481}",[417],Nucleophilic_substitution_with_amine,False,[318],"A0503a, A0759a"
18891,CC(C)(O)CNC(=N)c1cccc(Cn2cnc3ccccc32)c1,DRWZGLJZKVKNEI-UHFFFAOYSA-N,1,1,{24582},[],1,{1},[15675],"{6897, 18503}",[418],Nucleophilic_substitution_with_amine,False,[318],"A0503a, A0759a"
18893,CC1(C)OC1CNCc1cccc(Cn2cnc3ccccc32)c1,MFOVOVCWZQUQIK-UHFFFAOYSA-N,1,2,"{24585, 24586}",[],1,{1},[15677],"{9248, 18481}",[419],Nucleophilic_substitution_with_amine,False,[318],"A0503a, A0759a"
18916,N=C(NCC(O)CF)c1cccc(Cn2cnc3ccccc32)c1,VVVTVEHPFDDYBS-UHFFFAOYSA-N,1,0,set(),[],1,{1},[15700],"{6858, 18503}",[420],Nucleophilic_substitution_with_amine,False,[318],"A0503a, A0759a"
18990,N=C(NCC(O)CN)c1cccc(Cn2cnc3ccccc32)c1,MUZBAJCSXNWPQD-UHFFFAOYSA-N,1,2,"{24728, 24727}",[],1,{1},[15774],"{3150, 18503}",[421],Nucleophilic_substitution_with_amine,False,[318],"A0503a, A0759a"
19017,COC(C)CNC(=N)c1cccc(Cn2cnc3ccccc32)c1,GFTDLQCWUNHSMK-UHFFFAOYSA-N,1,0,set(),[],1,{1},[15801],"{18503, 6871}",[422],Nucleophilic_substitution_with_amine,False,[318],"A0503a, A0759a"
19056,c1cc(CNCC2COCO2)cc(Cn2cnc3ccccc32)c1,YSLVGVGFBIDLQW-UHFFFAOYSA-N,1,2,"{24861, 24862}",[],1,{1},[15840],"{18481, 6877}",[423],Nucleophilic_substitution_with_amine,False,[318],"A0503a, A0759a"
19282,c1cc(CNCC2CCCO2)cc(Cn2cnc3ccccc32)c1,ZXWWPNFBXVXTOJ-UHFFFAOYSA-N,1,2,"{25373, 25374}",[],1,{1},[16066],"{18481, 6883}",[424],Nucleophilic_substitution_with_amine,False,[318],"A0503a, A0759a"
19307,ON=C(NC1CC1O)c1cccc(Cn2cnc3ccccc32)c1,XHBFTFMRHHEIBN-UHFFFAOYSA-N,1,7,"{25411, 25412, 25413, 25414, 25415, 25416, 25417}",[],1,{1},[16091],"{18547, 6852}",[425],Nucleophilic_substitution_with_amine,False,[318],"A0503a, A0759a"
19358,N=C(NCC(O)CO)c1cccc(Cn2cnc3ccccc32)c1,GOVWEBPDNPEGIX-UHFFFAOYSA-N,1,2,"{25540, 25541}",[],1,{1},[16142],"{6864, 18503}",[426],Nucleophilic_substitution_with_amine,False,[318],"A0503a, A0759a"
19370,CC(O)C(C)NC(=N)c1cccc(Cn2cnc3ccccc32)c1,JTQMGWDIGGBSEN-UHFFFAOYSA-N,1,1,{25563},[],1,{1},[16154],"{6898, 18503}",[427],Nucleophilic_substitution_with_amine,False,[318],"A0503a, A0759a"
19401,CCC(O)CNC(=N)c1cccc(Cn2cnc3ccccc32)c1,FMRMINZKGLINOE-UHFFFAOYSA-N,1,0,set(),[],1,{1},[16185],"{6856, 18503}",[428],Nucleophilic_substitution_with_amine,False,[318],"A0503a, A0759a"
19588,ON=C(NCC1CO1)c1cccc(Cn2cnc3ccccc32)c1,FKGYQRFQMIUDML-UHFFFAOYSA-N,1,2,"{25987, 25988}",[],1,{1},[16372],"{18547, 6854}",[429],Nucleophilic_substitution_with_amine,False,[318],"A0503a, A0759a"
19602,CC(O)CNC(=NO)c1cccc(Cn2cnc3ccccc32)c1,VNXRBHZFBUXMKK-UHFFFAOYSA-N,1,4,"{26016, 26013, 26014, 26015}",[],1,{1},[16386],"{18547, 6863}",[430],Nucleophilic_substitution_with_amine,False,[318],"A0503a, A0759a"
19785,N#CCC(O)CNC(=N)c1cccc(Cn2cnc3ccccc32)c1,KMWVNTUOPXGSJW-UHFFFAOYSA-N,1,0,set(),[],1,{1},[16569],"{6886, 18503}",[431],Nucleophilic_substitution_with_amine,False,[318],"A0503a, A0759a"
19909,N=C(NCC1COCO1)c1cccc(Cn2cnc3ccccc32)c1,QSXLLKFAPKLLOG-UHFFFAOYSA-N,1,2,"{26468, 26469}",[],1,{1},[16693],"{6877, 18503}",[432],Nucleophilic_substitution_with_amine,False,[318],"A0503a, A0759a"
19932,N=C(NCC1CCCO1)c1cccc(Cn2cnc3ccccc32)c1,GXNVFFYJECNFFL-UHFFFAOYSA-N,1,2,"{26520, 26521}",[],1,{1},[16716],"{6883, 18503}",[433],Nucleophilic_substitution_with_amine,False,[318],"A0503a, A0759a"
20243,CC1(C)OC1CNC(=N)c1cccc(Cn2cnc3ccccc32)c1,KADGWXOMYWUYJO-UHFFFAOYSA-N,1,0,set(),[],1,{1},[17027],"{9248, 18503}",[434],Nucleophilic_substitution_with_amine,False,[318],"A0503a, A0759a"
20492,CC(C)C(O)CNC(=N)c1cccc(Cn2cnc3ccccc32)c1,OCHCUTUVSJGRLT-UHFFFAOYSA-N,1,1,{27616},[],1,{1},[17276],"{18503, 6895}",[435],Nucleophilic_substitution_with_amine,False,[318],"A0503a, A0759a"
20529,CCCC(O)CNC(=N)c1cccc(Cn2cnc3ccccc32)c1,BTLXSSPCCDBZOA-UHFFFAOYSA-N,1,2,"{27677, 27678}",[],1,{1},[17313],"{6904, 18503}",[436],Nucleophilic_substitution_with_amine,False,[318],"A0503a, A0759a"
20575,CC(NC(=N)c1cccc(Cn2cnc3ccccc32)c1)C(C)(C)O,NJXQSVQHJSOIDV-UHFFFAOYSA-N,1,2,"{27741, 27742}",[],1,{1},[17359],"{16581, 18503}",[437],Nucleophilic_substitution_with_amine,False,[318],"A0503a, A0759a"
20637,N=C(NCC(O)C(=O)O)c1cccc(Cn2cnc3ccccc32)c1,VKVZGHARLPUGKH-UHFFFAOYSA-N,1,2,"{27873, 27874}",[],1,{1},[17421],"{1189, 18503}",[438],Nucleophilic_substitution_with_amine,False,[318],"A0503a, A0759a"
22321,O=C(CC1c2ccccc2-c2ccccc21)Nc1cccc2[nH]ccc12,XUWMOGDDBXJPME-UHFFFAOYSA-N,1,1,{27962},[],1,{1},[18775],"{22131, 22230}",[439],Amidation,False,[554],"A0229a, A0503a"
22332,O=C(CC1c2ccccc2-c2ccccc21)Nc1cc(Br)cc2[nH]ccc12,YMPXKHKRAJLDQL-UHFFFAOYSA-N,1,1,{27968},[],1,{1},[18786],"{22240, 22131}",[440],Amidation,False,[554],"A0229a, A0503a"
22335,O=C(CC1c2ccccc2-c2ccccc21)Nc1c(O)ccc2[nH]ccc12,GOEUNXFCARFVEG-UHFFFAOYSA-N,1,1,{27970},[],1,{1},[18789],"{22131, 22243}",[441],Amidation,False,[554],"A0229a, A0503a"
22343,Cc1cc2c(NC(=O)CC3c4ccccc4-c4ccccc43)cccc2[nH]1,RSYGFKSROVZAFN-UHFFFAOYSA-N,1,0,set(),[],1,{1},[18797],"{22131, 22251}",[442],Amidation,False,[554],"A0229a, A0503a"
22353,Cn1ccc2c(NC(=O)CC3c4ccccc4-c4ccccc43)cccc21,RHTWWLXYKKQACE-UHFFFAOYSA-N,1,0,set(),[],1,{1},[18807],"{22131, 22259}",[443],Amidation,False,[554],"A0229a, A0503a"
22363,CC(C(=O)Nc1cccc2[nH]ccc12)C(c1ccccc1)c1ccccc1,UXOHDDRRPPCRFG-UHFFFAOYSA-N,1,1,{27994},[],1,{1},[18817],"{22144, 22230}",[444],Amidation,False,[554],"A0229a, A0503a"
22372,O=C(CC(c1ccccc1)c1ccccc1Cl)Nc1cccc2[nH]ccc12,TYJWNFAEKRKLNG-UHFFFAOYSA-N,1,2,"{28008, 28009}",[],1,{1},[18826],"{22153, 22230}",[445],Amidation,False,[554],"A0229a, A0503a"
22374,O=C(CC1c2ccccc2Oc2ccccc21)Nc1cccc2[nH]ccc12,WKANVDZIJWPSQT-UHFFFAOYSA-N,1,1,{28011},[],1,{1},[18828],"{22155, 22230}",[446],Amidation,False,[554],"A0229a, A0503a"
22378,NC(C(=O)Nc1cccc2[nH]ccc12)C(c1ccccc1)c1ccccc1,SLFZPRBDYGSNNB-UHFFFAOYSA-N,1,2,"{28018, 28019}",[],1,{1},[18832],"{22230, 22159}",[447],Amidation,False,[554],"A0229a, A0503a"
22394,O=C(CC(c1ccccc1)c1ccccc1)Nc1c(O)ccc2[nH]ccc12,ZYMKGJQOTDJKGG-UHFFFAOYSA-N,1,1,{28041},[],1,{1},[18848],"{22130, 22243}",[448],Amidation,False,[554],"A0229a, A0503a"
22403,Cn1ccc2c(NC(=O)CC(c3ccccc3)c3ccccc3)cccc21,CXLZRQZKIZTBJK-UHFFFAOYSA-N,1,0,set(),[],1,{1},[18857],"{22130, 22259}",[449],Amidation,False,[554],"A0229a, A0503a"
22412,O=C(CC(c1ccccc1)c1ccccc1)Nc1cc(Br)cc2[nH]ccc12,QBFWLFYLPZVMKG-UHFFFAOYSA-N,1,1,{28051},[],1,{1},[18866],"{22240, 22130}",[450],Amidation,False,[554],"A0229a, A0503a"
22418,Cc1cc2c(NC(=O)CC(c3ccccc3)c3ccccc3)cccc2[nH]1,KCVFDXMGHNBXPR-UHFFFAOYSA-N,1,0,set(),[],1,{1},[18872],"{22130, 22251}",[451],Amidation,False,[554],"A0229a, A0503a"
22566,O=C(CC1c2ccccc2Oc2ccccc21)Nc1cc(Br)cc2[nH]ccc12,FKIBVFNRLYGAMM-UHFFFAOYSA-N,1,1,{28197},[],1,{1},[19020],"{22240, 22155}",[452],Amidation,False,[554],"A0229a, A0503a"
22577,Cc1cc2c(NC(=O)CC3c4ccccc4Oc4ccccc43)cccc2[nH]1,PTIPLLUAFGMRLP-UHFFFAOYSA-N,1,0,set(),[],1,{1},[19031],"{22155, 22251}",[453],Amidation,False,[554],"A0229a, A0503a"
22580,Cn1ccc2c(NC(=O)CC3c4ccccc4Oc4ccccc43)cccc21,XCHQEYCWPLUKBH-UHFFFAOYSA-N,1,0,set(),[],1,{1},[19034],"{22155, 22259}",[454],Amidation,False,[554],"A0229a, A0503a"
22583,O=C(CC1c2ccccc2Oc2ccccc21)Nc1c(O)ccc2[nH]ccc12,QHIIZIYMQYEORW-UHFFFAOYSA-N,1,1,{28204},[],1,{1},[19037],"{22155, 22243}",[455],Amidation,False,[554],"A0229a, A0503a"
22825,Cc1cc2c(NC(=O)CC(c3ccccc3)c3ccccc3Cl)cccc2[nH]1,OUTOCXFEBSEUSY-UHFFFAOYSA-N,1,0,set(),[],1,{1},[19279],"{22153, 22251}",[456],Amidation,False,[554],"A0229a, A0503a"
22832,O=C(CC(c1ccccc1)c1ccccc1Cl)Nc1cc(Br)cc2[nH]ccc12,HKLLVFZLIJIMTM-UHFFFAOYSA-N,1,2,"{28424, 28425}",[],1,{1},[19286],"{22240, 22153}",[457],Amidation,False,[554],"A0229a, A0503a"
22845,Cn1ccc2c(NC(=O)CC(c3ccccc3)c3ccccc3Cl)cccc21,HMXUZGVXWBRHBU-UHFFFAOYSA-N,1,0,set(),[],1,{1},[19299],"{22153, 22259}",[458],Amidation,False,[554],"A0229a, A0503a"
22848,O=C(CC(c1ccccc1)c1ccccc1Cl)Nc1c(O)ccc2[nH]ccc12,VGFXRHFIWQZBKZ-UHFFFAOYSA-N,1,2,"{28442, 28443}",[],1,{1},[19302],"{22153, 22243}",[459],Amidation,False,[554],"A0229a, A0503a"
23386,COc1ccc2[nH]ccc2c1NC(=O)CC1c2ccccc2-c2ccccc21,BWDPGQRHACYDFI-UHFFFAOYSA-N,1,0,set(),[],1,{1},[19840],"{22131, 22269}",[460],Amidation,False,[554],"A0229a, A0503a"
23407,CCN(C(=O)CC1c2ccccc2-c2ccccc21)c1cccc2[nH]ccc12,CKBHSFZTKKVZJD-UHFFFAOYSA-N,1,0,set(),[],1,{1},[19861],"{22131, 22287}",[461],Amidation,False,[554],"A0229a, A0503a"
23475,CC(C(=O)Nc1cc(Br)cc2[nH]ccc12)C(c1ccccc1)c1ccccc1,WNWDLKUKPCGLIL-UHFFFAOYSA-N,1,2,"{29024, 29025}",[],1,{1},[19929],"{22144, 22240}",[462],Amidation,False,[554],"A0229a, A0503a"
23484,CC(C(=O)Nc1c(O)ccc2[nH]ccc12)C(c1ccccc1)c1ccccc1,LPMGIHXZPLQPFM-UHFFFAOYSA-N,1,2,"{29036, 29037}",[],1,{1},[19938],"{22144, 22243}",[463],Amidation,False,[554],"A0229a, A0503a"
23493,Cc1cc2c(NC(=O)C(C)C(c3ccccc3)c3ccccc3)cccc2[nH]1,OGBBUOIOVHAQNH-UHFFFAOYSA-N,1,0,set(),[],1,{1},[19947],"{22144, 22251}",[464],Amidation,False,[554],"A0229a, A0503a"
23647,NC(C(=O)Nc1cc(Br)cc2[nH]ccc12)C(c1ccccc1)c1ccccc1,HRSDEAPCZFEBMW-UHFFFAOYSA-N,1,1,{29154},[],1,{1},[20101],"{22240, 22159}",[465],Amidation,False,[554],"A0229a, A0503a"
23652,Cn1ccc2c(NC(=O)C(N)C(c3ccccc3)c3ccccc3)cccc21,BEHUNQSZHUDQCU-UHFFFAOYSA-N,1,0,set(),[],1,{1},[20106],"{22259, 22159}",[466],Amidation,False,[554],"A0229a, A0503a"
23655,NC(C(=O)Nc1c(O)ccc2[nH]ccc12)C(c1ccccc1)c1ccccc1,YKJMEKXEWIMRPE-UHFFFAOYSA-N,1,2,"{29161, 29162}",[],1,{1},[20109],"{22243, 22159}",[467],Amidation,False,[554],"A0229a, A0503a"
23664,Cc1cc2c(NC(=O)C(N)C(c3ccccc3)c3ccccc3)cccc2[nH]1,IOASGZVSYSMDKI-UHFFFAOYSA-N,1,0,set(),[],1,{1},[20118],"{22251, 22159}",[468],Amidation,False,[554],"A0229a, A0503a"
23716,COc1ccc2[nH]ccc2c1NC(=O)CC(c1ccccc1)c1ccccc1,YMTUPHMQAYPALK-UHFFFAOYSA-N,1,1,{29211},[],1,{1},[20170],"{22130, 22269}",[469],Amidation,False,[554],"A0229a, A0503a"
23822,CCN(C(=O)CC(c1ccccc1)c1ccccc1)c1cccc2[nH]ccc12,KYHQSEGQZYTGFM-UHFFFAOYSA-N,1,0,set(),[],1,{1},[20276],"{22130, 22287}",[470],Amidation,False,[554],"A0229a, A0503a"
23823,CC(C(=O)Nc1cccc2c1ccn2C)C(c1ccccc1)c1ccccc1,PCRXSXXYLBCZMO-UHFFFAOYSA-N,1,0,set(),[],1,{1},[20277],"{22144, 22259}",[471],Amidation,False,[554],"A0229a, A0503a"
25831,CCN(C(=O)CC(c1ccccc1)c1ccccc1Cl)c1cccc2[nH]ccc12,FDIBQISGIILAHB-UHFFFAOYSA-N,1,0,set(),[],1,{1},[22285],"{22153, 22287}",[472],Amidation,False,[554],"A0229a, A0503a"
25900,COc1ccc2[nH]ccc2c1NC(=O)CC(c1ccccc1)c1ccccc1Cl,SXRLOAAUQYRHBM-UHFFFAOYSA-N,1,2,"{31209, 31210}",[],1,{1},[22354],"{22153, 22269}",[473],Amidation,False,[554],"A0229a, A0503a"
31983,C=CC(CO)NCCn1c(C)nc2ccccc21,VWGVUIOIJJNLGZ-UHFFFAOYSA-N,1,2,"{33438, 33439}",[],1,{1},[28061],"{3043, 31588}",[474],Nucleophilic_substitution_with_amine,False,[848],"A0503a, A0759a"
31984,C#CC(CO)NCCn1c(C)nc2ccccc21,ANMUFGUMJCFTRX-UHFFFAOYSA-N,1,2,"{33442, 33443}",[],1,{1},[28062],"{3043, 31587}",[475],Nucleophilic_substitution_with_amine,False,[848],"A0503a, A0759a"
31985,COCC(C)NCCn1c(C)nc2ccccc21,XSHPDBFDQKSXCJ-UHFFFAOYSA-N,1,2,"{33444, 33445}",[],1,{1},[28063],"{31586, 3043}",[476],Nucleophilic_substitution_with_amine,False,[848],"A0503a, A0759a"
31986,Cc1nc2ccccc2n1CCN(C)C1COC1,JDPXXIHVKKXLKF-UHFFFAOYSA-N,1,1,{33459},[],1,{1},[28064],"{3043, 31589}",[477],Nucleophilic_substitution_with_amine,False,[848],"A0503a, A0759a"
31990,Cc1nc2ccccc2n1CCNC(C)C(=N)O,ACNPOVQIVBSRDG-UHFFFAOYSA-N,1,2,"{33469, 33470}",[],1,{1},[28068],"{31594, 3043}",[478],Nucleophilic_substitution_with_amine,False,[848],"A0503a, A0759a"
31992,Cc1nc2ccccc2n1CCNC1(CO)CC1,STCURXLLLQKFEO-UHFFFAOYSA-N,1,1,{33475},[],1,{1},[28070],"{31593, 3043}",[479],Nucleophilic_substitution_with_amine,False,[848],"A0503a, A0759a"
31993,Cc1nc2ccccc2n1CCNC1CCC1O,TZEOVGJLRAECGP-UHFFFAOYSA-N,1,4,"{33476, 33477, 33478, 33479}",[],1,{1},[28071],"{9792, 3043}",[480],Nucleophilic_substitution_with_amine,False,[848],"A0503a, A0759a"
31995,Cc1nc2ccccc2n1CCNC1(C)COC1,SHDLSOKSFAPTIN-UHFFFAOYSA-N,1,1,{33481},[],1,{1},[28073],"{3043, 31590}",[481],Nucleophilic_substitution_with_amine,False,[848],"A0503a, A0759a"
31997,COC1CC1NCCn1c(C)nc2ccccc21,CWKLBLVKMHDWNO-UHFFFAOYSA-N,1,8,"{38690, 38691, 38692, 38693, 33484, 33485, 33486, 33487}",[],1,{1},[28075],"{3043, 7486}",[482],Nucleophilic_substitution_with_amine,False,"[843, 848]","A0503a, A0759a"
32735,C=CCC(CO)NCCn1c(C)nc2ccccc21,NUSSEUOPURUMEW-UHFFFAOYSA-N,1,2,"{35864, 35865}",[],1,{1},[28813],"{3043, 31612}",[483],Nucleophilic_substitution_with_amine,False,[848],"A0503a, A0759a"
32750,Cc1nc2ccccc2n1CCNC(CO)C(F)F,LFASATOTDDFBMS-UHFFFAOYSA-N,1,2,"{35893, 35894}",[],1,{1},[28828],"{3043, 31613}",[484],Nucleophilic_substitution_with_amine,False,[848],"A0503a, A0759a"
32752,Cc1nc2ccccc2n1CCNC(C)C(C)(C)O,DEAOPNMHBSVQPL-UHFFFAOYSA-N,1,2,"{35897, 35898}",[],1,{1},[28830],"{3043, 31622}",[485],Nucleophilic_substitution_with_amine,False,[848],"A0503a, A0759a"
32765,CCC(O)C(C)NCCn1c(C)nc2ccccc21,SWGPNBMSODENQF-UHFFFAOYSA-N,1,4,"{35928, 35929, 35930, 35931}",[],1,{1},[28843],"{3043, 9812}",[486],Nucleophilic_substitution_with_amine,False,[848],"A0503a, A0759a"
32766,CCC(NCCn1c(C)nc2ccccc21)C(=O)O,CADNCTNEFMHRMO-UHFFFAOYSA-N,1,2,"{35932, 35933}",[],1,{1},[28844],"{3043, 31597}",[487],Nucleophilic_substitution_with_amine,False,[848],"A0503a, A0759a"
32770,Cc1nc2ccccc2n1CCNC(C)(C)C(=O)O,GWZKSGPKPWHMNU-UHFFFAOYSA-N,1,1,{35940},[],1,{1},[28848],"{3043, 31623}",[488],Nucleophilic_substitution_with_amine,False,[848],"A0503a, A0759a"
32817,CCCC(CO)NCCn1c(C)nc2ccccc21,KKXNVZHMIZEPSW-UHFFFAOYSA-N,1,2,"{36061, 36062}",[],1,{1},[28895],"{31616, 3043}",[489],Nucleophilic_substitution_with_amine,False,[848],"A0503a, A0759a"
32916,C=CC(COC)NCCn1c(C)nc2ccccc21,YQGGTGILDBMLGM-UHFFFAOYSA-N,1,2,"{36290, 36291}",[],1,{1},[28994],"{3043, 31621}",[490],Nucleophilic_substitution_with_amine,False,[848],"A0503a, A0759a"
32991,Cc1nc2ccccc2n1CCNN(C)C(C)CO,LPXANPKROMTMHX-UHFFFAOYSA-N,1,2,"{36483, 36484}",[],1,{1},[29069],"{3043, 31603}",[491],Nucleophilic_substitution_with_amine,False,[848],"A0503a, A0759a"
32992,CCC(NCCn1c(C)nc2ccccc21)C(C)O,MTALYSJXLJCQCC-UHFFFAOYSA-N,1,4,"{36488, 36485, 36486, 36487}",[],1,{1},[29070],"{9802, 3043}",[492],Nucleophilic_substitution_with_amine,False,[848],"A0503a, A0759a"
33012,Cc1nc2ccccc2n1CCNC(CS)C(=O)O,AIVFTSARUOQECM-UHFFFAOYSA-N,1,2,"{36533, 36534}",[],1,{1},[29090],"{31601, 3043}",[493],Nucleophilic_substitution_with_amine,False,[848],"A0503a, A0759a"
33013,CCC(C)(CO)NCCn1c(C)nc2ccccc21,YZLBRFQONOBMSP-UHFFFAOYSA-N,1,2,"{36536, 36535}",[],1,{1},[29091],"{31602, 3043}",[494],Nucleophilic_substitution_with_amine,False,[848],"A0503a, A0759a"
33014,C#CCC(CO)NCCn1c(C)nc2ccccc21,QZJSAJHGVBNHMF-UHFFFAOYSA-N,1,2,"{36537, 36538}",[],1,{1},[29092],"{3043, 31598}",[495],Nucleophilic_substitution_with_amine,False,[848],"A0503a, A0759a"
33044,Cc1nc2ccccc2n1CCNC(CO)CCF,VTDXXLZUIVIVGC-UHFFFAOYSA-N,1,2,"{36630, 36631}",[],1,{1},[29122],"{3043, 31599}",[496],Nucleophilic_substitution_with_amine,False,[848],"A0503a, A0759a"
33068,Cc1nc2ccccc2n1CCNCCCO,HCQWEDBRODVXOD-UHFFFAOYSA-N,1,1,{36684},[],1,{1},[29139],"{7440, 3043}",[497],Nucleophilic_substitution_with_amine,False,[843],"A0503a, A0759a"
33853,Cc1nc2ccccc2n1CCNCCC(=N)O,GULRHIQIHHPHKA-UHFFFAOYSA-N,1,1,{38627},[],1,{1},[29925],"{3043, 7444}",[498],Nucleophilic_substitution_with_amine,False,[843],"A0503a, A0759a"
33854,Cc1nc2ccccc2n1CCN1CCC(O)=N1,GDDRVMXBIYLQAQ-UHFFFAOYSA-N,1,1,{38628},[],1,{1},[29926],"{3043, 7445}",[499],Nucleophilic_substitution_with_amine,False,[843],"A0503a, A0759a"
33856,Cc1nc2ccccc2n1CCNCC1COC1,GGKKCERLWICZIE-UHFFFAOYSA-N,1,1,{38631},[],1,{1},[29928],"{7451, 3043}",[500],Nucleophilic_substitution_with_amine,False,[843],"A0503a, A0759a"
33859,Cc1nc2ccccc2n1CCNCC(F)CO,NBYTUQLMTGOAFV-UHFFFAOYSA-N,1,2,"{38635, 38636}",[],1,{1},[29931],"{3043, 7460}",[501],Nucleophilic_substitution_with_amine,False,[843],"A0503a, A0759a"
33862,Cc1nc2ccccc2n1CCNC(=N)CCO,IQZVOZKPHYYMKH-UHFFFAOYSA-N,1,1,{38640},[],1,{1},[29934],"{7474, 3043}",[502],Nucleophilic_substitution_with_amine,False,[843],"A0503a, A0759a"
33868,Cc1nc2ccccc2n1CCNC1CC(O)C1,ABMRNOYJEWXYHO-UHFFFAOYSA-N,1,2,"{38649, 38650}",[],1,{1},[29940],"{3043, 7455}",[503],Nucleophilic_substitution_with_amine,False,[843],"A0503a, A0759a"
33871,Cc1nc2ccccc2n1CCNCC1CC1O,AZIGNADSEMCBPG-UHFFFAOYSA-N,1,4,"{38659, 38660, 38661, 38662}",[],1,{1},[29943],"{3043, 7476}",[504],Nucleophilic_substitution_with_amine,False,[843],"A0503a, A0759a"
33872,Cc1nc2ccccc2n1CCN1CCC(O)C1,NYRCKUUSCHTZCP-UHFFFAOYSA-N,1,2,"{38664, 38663}",[],1,{1},[29944],"{7466, 3043}",[505],Nucleophilic_substitution_with_amine,False,[843],"A0503a, A0759a"
33874,C=C(CO)CNCCn1c(C)nc2ccccc21,QUGCBWGBPINLGZ-UHFFFAOYSA-N,1,1,{38669},[],1,{1},[29946],"{7459, 3043}",[506],Nucleophilic_substitution_with_amine,False,[843],"A0503a, A0759a"
33875,Cc1nc2ccccc2n1CCNCC(C)CO,QDJPVFJKOGQZAW-UHFFFAOYSA-N,1,2,"{38670, 38671}",[],1,{1},[29947],"{7458, 3043}",[507],Nucleophilic_substitution_with_amine,False,[843],"A0503a, A0759a"
33876,Cc1nc2ccccc2n1CCNCCC(=O)O,IQUUZXFFSLSYFY-UHFFFAOYSA-N,1,1,{38672},[],1,{1},[29948],"{7457, 3043}",[508],Nucleophilic_substitution_with_amine,False,[843],"A0503a, A0759a"
33878,Cc1nc2ccccc2n1CCN1CC(CO)C1,ZRIFLVFAVDPDLY-UHFFFAOYSA-N,1,1,{38678},[],1,{1},[29950],"{7449, 3043}",[509],Nucleophilic_substitution_with_amine,False,[843],"A0503a, A0759a"
33880,Cc1nc2ccccc2n1CCNC1CC1CO,KIHRNKDXOOXHFU-UHFFFAOYSA-N,1,4,"{38688, 38685, 38686, 38687}",[],1,{1},[29952],"{7491, 3043}",[510],Nucleophilic_substitution_with_amine,False,[843],"A0503a, A0759a"
33882,Cc1nc2ccccc2n1CCNCCC(C)O,CUYZRRXLYAUXSL-UHFFFAOYSA-N,1,2,"{38694, 38695}",[],1,{1},[29954],"{7480, 3043}",[511],Nucleophilic_substitution_with_amine,False,[843],"A0503a, A0759a"
33883,Cc1nc2ccccc2n1CCNC(C)CCO,CNANKGUYIOSMJO-UHFFFAOYSA-N,1,2,"{38698, 38699}",[],1,{1},[29955],"{7497, 3043}",[512],Nucleophilic_substitution_with_amine,False,[843],"A0503a, A0759a"
33884,Cc1nc2ccccc2n1CCN(C)CCCO,FPPJGGJHOZSGQP-UHFFFAOYSA-N,1,1,{38700},[],1,{1},[29956],"{33058, 3043}",[513],Nucleophilic_substitution_with_amine,False,[843],"A0503a, A0759a"
33885,C=C1CON(CCn2c(C)nc3ccccc32)C1,QKDWEUCXBJLACL-UHFFFAOYSA-N,1,1,{38701},[],1,{1},[29957],"{7498, 3043}",[514],Nucleophilic_substitution_with_amine,False,[843],"A0503a, A0759a"
33888,Cc1nc2ccccc2n1CCNC(=O)CCO,UMYPZYMTNZVPII-UHFFFAOYSA-N,1,1,{38706},[],1,{1},[29960],"{3043, 7500}",[515],Nucleophilic_substitution_with_amine,False,[843],"A0503a, A0759a"
33889,Cc1nc2ccccc2n1CCNC(=S)CCO,LHMNCEYDPBNNEU-UHFFFAOYSA-N,1,0,set(),[],1,{1},[29961],"{7499, 3043}",[516],Nucleophilic_substitution_with_amine,False,[843],"A0503a, A0759a"
33890,COCCCNCCn1c(C)nc2ccccc21,JKTMHXIDDAWTAK-UHFFFAOYSA-N,1,1,{38707},[],1,{1},[29962],"{7456, 3043}",[517],Nucleophilic_substitution_with_amine,False,[843],"A0503a, A0759a"
