target-names,no-steps,concentration-required-mM,amount-required-uL,batch-tag,reactant-1-1,reactant-2-1,reaction-product-smiles-1,reaction-name-1,reaction-recipe-1,reaction-groupby-column-1
C318,1,,,,CC(O)CCl,NCc1cccc(Cn2cnc3ccccc32)c1,CC(O)CNCc1cccc(Cn2cnc3ccccc32)c1,Nucleophilic_substitution_with_amine,,
C332,1,,,,CC(O)CCl,NCc1cccnc1-n1cnc2ccccc21,CC(O)CNCc1cccnc1-n1cnc2ccccc21,Nucleophilic_substitution_with_amine,,
C410,1,,,,CC(O)CN,O=Cc1nc2ccccc2n1C1CC1,CC(O)CNCc1nc2ccccc2n1C1CC1,Reductive_amination,,
C411,1,,,,CC(O)CN,Cn1c(C=O)nc2cc(F)ccc21,CC(O)CNCc1nc2cc(F)ccc2n1C,Reductive_amination,,
C412,1,,,,CC(O)CN,Cn1c(C=O)nc2ccccc21,CC(O)CNCc1nc2ccccc2n1C,Reductive_amination,,
C413,1,,,,CC(O)CN,Cn1c(C=O)nc2cc(Cl)ccc21,CC(O)CNCc1nc2cc(Cl)ccc2n1C,Reductive_amination,,
C421,1,,,,CC(O)CN,CCn1c(C=O)nc2ccccc21,CCn1c(CNCC(C)O)nc2ccccc21,Reductive_amination,,
C554,1,,,,O=C(O)CC(c1ccccc1)c1ccccc1,Nc1cccc2[nH]ccc12,O=C(CC(c1ccccc1)c1ccccc1)Nc1cccc2[nH]ccc12,Amidation,,
C973,1,,,,CC1CCC(C(C)(O)CN)CC1,ClCc1cn2ccccc2n1,CC1CCC(C(C)(O)CNCc2cn3ccccc3n2)CC1,Nucleophilic_substitution_with_amine,,
C980,1,,,,OCc1cnc2sccn12,COc1ccccc1OC(C)CN,COc1ccccc1OC(C)CNCc1cnc2sccn12,Mitsunobu_reaction_with_amine_alcohol_and_thioalcohol,,
C3573,1,,,,Cc1nc2ccccc2n1CCBr,NC1CC1O,Cc1nc2ccccc2n1CCNC1CC1O,Nucleophilic_substitution_with_amine,,
C4804,1,,,,Cc1nc2ccccc2n1CCBr,NCC(O)CO,Cc1nc2ccccc2n1CCNCC(O)CO,Nucleophilic_substitution_with_amine,,
C4811,1,,,,Cc1nc2ccccc2n1CCBr,CC(N)C(C)O,Cc1nc2ccccc2n1CCNC(C)C(C)O,Nucleophilic_substitution_with_amine,,
C6985,1,,,,ClCC1CO1,CNCc1nc2ccccc2n1C,CN(Cc1nc2ccccc2n1C)CC1CO1,Nucleophilic_substitution_with_amine,,
C7003,1,,,,CC(O)CCl,CNCc1nc2ccccc2n1C,CC(O)CN(C)Cc1nc2ccccc2n1C,Nucleophilic_substitution_with_amine,,
C7010,1,,,,OC1CC1Cl,CNCc1nc2ccccc2n1C,CN(Cc1nc2ccccc2n1C)C1CC1O,Nucleophilic_substitution_with_amine,,
C7100,1,,,,CNCC(C)O,Cn1c(C=O)nc2c(Br)cccc21,CC(O)CN(C)Cc1nc2c(Br)cccc2n1C,Reductive_amination,,
C7104,1,,,,CNCC(C)O,Cn1c(C=O)nc2ccc(Cl)cc21,CC(O)CN(C)Cc1nc2ccc(Cl)cc2n1C,Reductive_amination,,
C7108,1,,,,Cn1c(C=O)nc2ccccc21,CNCC(C)(C)O,CN(Cc1nc2ccccc2n1C)CC(C)(C)O,Reductive_amination,,
C7123,1,,,,CNCC(C)O,Cn1c(C=O)nc2cc(Br)ccc21,CC(O)CN(C)Cc1nc2cc(Br)ccc2n1C,Reductive_amination,,
C7152,1,,,,OC(CF)CCl,CNCc1nc2ccccc2n1C,CN(Cc1nc2ccccc2n1C)CC(O)CF,Nucleophilic_substitution_with_amine,,
C7189,1,,,,CNCC(O)CO,Cn1c(C=O)nc2ccccc21,CN(Cc1nc2ccccc2n1C)CC(O)CO,Reductive_amination,,
C7209,1,,,,OC1CC1Cl,CCn1c(CNC)nc2ccccc21,CCn1c(CN(C)C2CC2O)nc2ccccc21,Nucleophilic_substitution_with_amine,,
C7223,1,,,,Cn1c(C=O)nc2ccccc21,CCC(O)CNC,CCC(O)CN(C)Cc1nc2ccccc2n1C,Reductive_amination,,
C7298,1,,,,ClCC1CO1,CCn1c(CNC)nc2ccccc21,CCn1c(CN(C)CC2CO2)nc2ccccc21,Nucleophilic_substitution_with_amine,,
C7301,1,,,,CNCC(C)O,Cn1c(C=O)nc2cc(F)ccc21,CC(O)CN(C)Cc1nc2cc(F)ccc2n1C,Reductive_amination,,
C7302,1,,,,CC(O)CCl,CCn1c(CNC)nc2ccccc21,CCn1c(CN(C)CC(C)O)nc2ccccc21,Nucleophilic_substitution_with_amine,,
C7312,1,,,,CNCC(C)O,Cn1c(C=O)nc2cc(Cl)ccc21,CC(O)CN(C)Cc1nc2cc(Cl)ccc2n1C,Reductive_amination,,
C8834,1,,,,CC1CCC(C(C)(O)CN)CC1,Cc1ccc2nc(CCl)cn2c1,Cc1ccc2nc(CNCC(C)(O)C3CCC(C)CC3)cn2c1,Nucleophilic_substitution_with_amine,,
C8841,1,,,,Cc1cccc2nc(CBr)cn12,CC1CCC(C(C)(O)CN)CC1,Cc1cccc2nc(CNCC(C)(O)C3CCC(C)CC3)cn12,Nucleophilic_substitution_with_amine,,
C8870,1,,,,CC1CCC(C(C)(O)CN)CC1,ClCc1nc2ccccn2c1Br,CC1CCC(C(C)(O)CNCc2nc3ccccn3c2Br)CC1,Nucleophilic_substitution_with_amine,,
C8871,1,,,,CC1CCC(C(C)(O)CN)CC1,ClCc1cn2cc(Cl)ccc2n1,CC1CCC(C(C)(O)CNCc2cn3cc(Cl)ccc3n2)CC1,Nucleophilic_substitution_with_amine,,
C8878,1,,,,CC1CCC(C(C)(O)CN)CC1,ClCc1cn2cccc(Br)c2n1,CC1CCC(C(C)(O)CNCc2cn3cccc(Br)c3n2)CC1,Nucleophilic_substitution_with_amine,,
C8894,1,,,,CC1CCC(C(C)(O)CN)CC1,ClCc1cn2cc(Br)ccc2n1,CC1CCC(C(C)(O)CNCc2cn3cc(Br)ccc3n2)CC1,Nucleophilic_substitution_with_amine,,
C8904,1,,,,CC1CCC(C(C)(O)CN)CC1,Cc1cccn2cc(CCl)nc12,Cc1cccn2cc(CNCC(C)(O)C3CCC(C)CC3)nc12,Nucleophilic_substitution_with_amine,,
C8931,1,,,,CC1(C)CCC(C(C)(O)CN)CC1,ClCc1cn2ccccc2n1,CC1(C)CCC(C(C)(O)CNCc2cn3ccccc3n2)CC1,Nucleophilic_substitution_with_amine,,
C8933,1,,,,CCC1CCC(C(C)(O)CN)CC1,ClCc1cn2ccccc2n1,CCC1CCC(C(C)(O)CNCc2cn3ccccc3n2)CC1,Nucleophilic_substitution_with_amine,,
C9020,1,,,,CCC1CCC(C(C)(O)CN)CC1,ClCc1nc2ccccn2c1Br,CCC1CCC(C(C)(O)CNCc2nc3ccccn3c2Br)CC1,Nucleophilic_substitution_with_amine,,
C9032,1,,,,CC1(C)CCC(C(C)(O)CN)CC1,ClCc1nc2ccccn2c1Br,CC1(C)CCC(C(C)(O)CNCc2nc3ccccn3c2Br)CC1,Nucleophilic_substitution_with_amine,,
C9140,1,,,,CCC1CCC(C(C)(O)CN)CC1,ClCc1cn2cc(Cl)ccc2n1,CCC1CCC(C(C)(O)CNCc2cn3cc(Cl)ccc3n2)CC1,Nucleophilic_substitution_with_amine,,
C9151,1,,,,CC1(C)CCC(C(C)(O)CN)CC1,ClCc1cn2cc(Cl)ccc2n1,CC1(C)CCC(C(C)(O)CNCc2cn3cc(Cl)ccc3n2)CC1,Nucleophilic_substitution_with_amine,,
C9172,1,,,,Cc1cccc2nc(CBr)cn12,CC1(C)CCC(C(C)(O)CN)CC1,Cc1cccc2nc(CNCC(C)(O)C3CCC(C)(C)CC3)cn12,Nucleophilic_substitution_with_amine,,
C9174,1,,,,Cc1cccc2nc(CBr)cn12,CCC1CCC(C(C)(O)CN)CC1,CCC1CCC(C(C)(O)CNCc2cn3c(C)cccc3n2)CC1,Nucleophilic_substitution_with_amine,,
C9466,1,,,,CC1CCC(C(C)(O)CN)CC1,Fc1cccc2nc(CCl)cn12,CC1CCC(C(C)(O)CNCc2cn3c(F)cccc3n2)CC1,Nucleophilic_substitution_with_amine,,
C9507,1,,,,CC1(C)CCC(C(C)(O)CN)CC1,ClCc1cn2cccc(Br)c2n1,CC1(C)CCC(C(C)(O)CNCc2cn3cccc(Br)c3n2)CC1,Nucleophilic_substitution_with_amine,,
C9509,1,,,,CCC1CCC(C(C)(O)CN)CC1,ClCc1cn2cccc(Br)c2n1,CCC1CCC(C(C)(O)CNCc2cn3cccc(Br)c3n2)CC1,Nucleophilic_substitution_with_amine,,
C9567,1,,,,CC1(C)CCC(C(C)(O)CN)CC1,ClCc1cn2cc(Br)ccc2n1,CC1(C)CCC(C(C)(O)CNCc2cn3cc(Br)ccc3n2)CC1,Nucleophilic_substitution_with_amine,,
C9569,1,,,,CCC1CCC(C(C)(O)CN)CC1,ClCc1cn2cc(Br)ccc2n1,CCC1CCC(C(C)(O)CNCc2cn3cc(Br)ccc3n2)CC1,Nucleophilic_substitution_with_amine,,
C9601,1,,,,CCC1CCC(C(C)(O)CN)CC1,Fc1cccc2nc(CCl)cn12,CCC1CCC(C(C)(O)CNCc2cn3c(F)cccc3n2)CC1,Nucleophilic_substitution_with_amine,,
C9603,1,,,,CC1(C)CCC(C(C)(O)CN)CC1,Fc1cccc2nc(CCl)cn12,CC1(C)CCC(C(C)(O)CNCc2cn3c(F)cccc3n2)CC1,Nucleophilic_substitution_with_amine,,
C9832,1,,,,NC1CC1O,Cn1c(C=O)nc2ccccc21,Cn1c(CNC2CC2O)nc2ccccc21,Reductive_amination,,
C9833,1,,,,OC1CNC1,Cn1c(C=O)nc2ccccc21,Cn1c(CN2CC(O)C2)nc2ccccc21,Reductive_amination,,
C9843,1,,,,NC1CC1O,Cn1c(C=O)nc2cc(F)ccc21,Cn1c(CNC2CC2O)nc2cc(F)ccc21,Reductive_amination,,
C9844,1,,,,OC1CNC1,Cn1c(C=O)nc2cc(F)ccc21,Cn1c(CN2CC(O)C2)nc2cc(F)ccc21,Reductive_amination,,
C9849,1,,,,OC1CNC1,Cn1c(C=O)nc2c(Br)cccc21,Cn1c(CN2CC(O)C2)nc2c(Br)cccc21,Reductive_amination,,
C9851,1,,,,NC1CC1O,Cn1c(C=O)nc2c(Br)cccc21,Cn1c(CNC2CC2O)nc2c(Br)cccc21,Reductive_amination,,
C9852,1,,,,CC(O)CN,Cn1c(C=O)nc2c(Br)cccc21,CC(O)CNCc1nc2c(Br)cccc2n1C,Reductive_amination,,
C9895,1,,,,CC(O)CN,Cn1c(C=O)nc2ccc(Cl)cc21,CC(O)CNCc1nc2ccc(Cl)cc2n1C,Reductive_amination,,
C9896,1,,,,NC1CC1O,Cn1c(C=O)nc2ccc(Cl)cc21,Cn1c(CNC2CC2O)nc2ccc(Cl)cc21,Reductive_amination,,
C9899,1,,,,OC1CNC1,Cn1c(C=O)nc2ccc(Cl)cc21,Cn1c(CN2CC(O)C2)nc2ccc(Cl)cc21,Reductive_amination,,
C9921,1,,,,CC(O)CN,Cn1c(C=O)nc2cc(Br)ccc21,CC(O)CNCc1nc2cc(Br)ccc2n1C,Reductive_amination,,
C9926,1,,,,NC1CC1O,Cn1c(C=O)nc2cc(Br)ccc21,Cn1c(CNC2CC2O)nc2cc(Br)ccc21,Reductive_amination,,
C9927,1,,,,NC1CC1O,Cn1c(C=O)nc2cc(Cl)ccc21,Cn1c(CNC2CC2O)nc2cc(Cl)ccc21,Reductive_amination,,
C9929,1,,,,OC1CNC1,Cn1c(C=O)nc2cc(Cl)ccc21,Cn1c(CN2CC(O)C2)nc2cc(Cl)ccc21,Reductive_amination,,
C9930,1,,,,OC1CNC1,CCn1c(C=O)nc2ccccc21,CCn1c(CN2CC(O)C2)nc2ccccc21,Reductive_amination,,
C9933,1,,,,NC1CC1O,CCn1c(C=O)nc2ccccc21,CCn1c(CNC2CC2O)nc2ccccc21,Reductive_amination,,
C9938,1,,,,OC1CNC1,Cn1c(C=O)nc2cc(Br)ccc21,Cn1c(CN2CC(O)C2)nc2cc(Br)ccc21,Reductive_amination,,
C9947,1,,,,Cn1c(C=O)nc2ccccc21,NCC1(O)CC1,Cn1c(CNCC2(O)CC2)nc2ccccc21,Reductive_amination,,
C9948,1,,,,OC1CNOC1,Cn1c(C=O)nc2ccccc21,Cn1c(CN2CC(O)CO2)nc2ccccc21,Reductive_amination,,
C9950,1,,,,O=C1NCC1O,Cn1c(C=O)nc2ccccc21,Cn1c(CN2CC(O)C2=O)nc2ccccc21,Reductive_amination,,
C9952,1,,,,NCC(O)CCl,Cn1c(C=O)nc2ccccc21,Cn1c(CNCC(O)CCl)nc2ccccc21,Reductive_amination,,
C9956,1,,,,Cn1c(C=O)nc2ccccc21,C=CC(O)CN,C=CC(O)CNCc1nc2ccccc2n1C,Reductive_amination,,
C9957,1,,,,NCC(O)CF,Cn1c(C=O)nc2ccccc21,Cn1c(CNCC(O)CF)nc2ccccc21,Reductive_amination,,
C9958,1,,,,Cn1c(C=O)nc2ccccc21,COC(C)CN,COC(C)CNCc1nc2ccccc2n1C,Reductive_amination,,
C9959,1,,,,Cn1c(C=O)nc2ccccc21,C#CC(O)CN,C#CC(O)CNCc1nc2ccccc2n1C,Reductive_amination,,
C9963,1,,,,Cn1c(C=O)nc2ccccc21,COC1CNC1,COC1CN(Cc2nc3ccccc3n2C)C1,Reductive_amination,,
C9968,1,,,,Cn1c(C=O)nc2ccccc21,NCC1CCO1,Cn1c(CNCC2CCO2)nc2ccccc21,Reductive_amination,,
C9970,1,,,,OC1CCNC1,Cn1c(C=O)nc2ccccc21,Cn1c(CN2CCC(O)C2)nc2ccccc21,Reductive_amination,,
C9976,1,,,,CC(C)(O)CN,Cn1c(C=O)nc2ccccc21,Cn1c(CNCC(C)(C)O)nc2ccccc21,Reductive_amination,,
C9977,1,,,,CC(O)C(N)=S,Cn1c(C=O)nc2ccccc21,CC(O)C(=S)NCc1nc2ccccc2n1C,Reductive_amination,,
C9996,1,,,,NCC(O)CO,Cn1c(C=O)nc2ccccc21,Cn1c(CNCC(O)CO)nc2ccccc21,Reductive_amination,,
C9998,1,,,,CCC(O)CN,Cn1c(C=O)nc2ccccc21,CCC(O)CNCc1nc2ccccc2n1C,Reductive_amination,,
C10002,1,,,,CC(O)C(N)=O,Cn1c(C=O)nc2ccccc21,CC(O)C(=O)NCc1nc2ccccc2n1C,Reductive_amination,,
C10009,1,,,,CC(N)C(C)O,Cn1c(C=O)nc2ccccc21,CC(O)C(C)NCc1nc2ccccc2n1C,Reductive_amination,,
C10013,1,,,,CCC(O)CN,Cn1c(C=O)nc2cc(Cl)ccc21,CCC(O)CNCc1nc2cc(Cl)ccc2n1C,Reductive_amination,,
C10014,1,,,,O=C1NCC1O,Cn1c(C=O)nc2cc(Cl)ccc21,Cn1c(CN2CC(O)C2=O)nc2cc(Cl)ccc21,Reductive_amination,,
C10016,1,,,,NCC(O)CCl,Cn1c(C=O)nc2cc(Cl)ccc21,Cn1c(CNCC(O)CCl)nc2cc(Cl)ccc21,Reductive_amination,,
C10020,1,,,,Cn1c(C=O)nc2cc(Cl)ccc21,C=CC(O)CN,C=CC(O)CNCc1nc2cc(Cl)ccc2n1C,Reductive_amination,,
C10021,1,,,,NCC(O)CF,Cn1c(C=O)nc2cc(Cl)ccc21,Cn1c(CNCC(O)CF)nc2cc(Cl)ccc21,Reductive_amination,,
C10022,1,,,,Cn1c(C=O)nc2cc(Cl)ccc21,COC(C)CN,COC(C)CNCc1nc2cc(Cl)ccc2n1C,Reductive_amination,,
C10023,1,,,,Cn1c(C=O)nc2cc(Cl)ccc21,C#CC(O)CN,C#CC(O)CNCc1nc2cc(Cl)ccc2n1C,Reductive_amination,,
C10026,1,,,,CC(C)(O)CN,Cn1c(C=O)nc2cc(Cl)ccc21,Cn1c(CNCC(C)(C)O)nc2cc(Cl)ccc21,Reductive_amination,,
C10027,1,,,,CC(O)C(N)=O,Cn1c(C=O)nc2cc(Cl)ccc21,CC(O)C(=O)NCc1nc2cc(Cl)ccc2n1C,Reductive_amination,,
C10028,1,,,,CC(O)C(N)=S,Cn1c(C=O)nc2cc(Cl)ccc21,CC(O)C(=S)NCc1nc2cc(Cl)ccc2n1C,Reductive_amination,,
C10029,1,,,,CC(N)C(C)O,Cn1c(C=O)nc2cc(Cl)ccc21,CC(O)C(C)NCc1nc2cc(Cl)ccc2n1C,Reductive_amination,,
C10031,1,,,,NCC(O)CO,Cn1c(C=O)nc2cc(Cl)ccc21,Cn1c(CNCC(O)CO)nc2cc(Cl)ccc21,Reductive_amination,,
C10035,1,,,,Cn1c(C=O)nc2ccc(Cl)cc21,C=CC(O)CN,C=CC(O)CNCc1nc2ccc(Cl)cc2n1C,Reductive_amination,,
C10036,1,,,,NCC(O)CF,Cn1c(C=O)nc2ccc(Cl)cc21,Cn1c(CNCC(O)CF)nc2ccc(Cl)cc21,Reductive_amination,,
C10037,1,,,,Cn1c(C=O)nc2ccc(Cl)cc21,COC(C)CN,COC(C)CNCc1nc2ccc(Cl)cc2n1C,Reductive_amination,,
C10038,1,,,,Cn1c(C=O)nc2ccc(Cl)cc21,C#CC(O)CN,C#CC(O)CNCc1nc2ccc(Cl)cc2n1C,Reductive_amination,,
C10045,1,,,,CC(C)(O)CN,Cn1c(C=O)nc2ccc(Cl)cc21,Cn1c(CNCC(C)(C)O)nc2ccc(Cl)cc21,Reductive_amination,,
C10047,1,,,,CC(O)C(N)=S,Cn1c(C=O)nc2ccc(Cl)cc21,CC(O)C(=S)NCc1nc2ccc(Cl)cc2n1C,Reductive_amination,,
C10048,1,,,,CC(N)C(C)O,Cn1c(C=O)nc2ccc(Cl)cc21,CC(O)C(C)NCc1nc2ccc(Cl)cc2n1C,Reductive_amination,,
C10049,1,,,,CCC(O)CN,Cn1c(C=O)nc2ccc(Cl)cc21,CCC(O)CNCc1nc2ccc(Cl)cc2n1C,Reductive_amination,,
C10058,1,,,,NCC(O)CO,Cn1c(C=O)nc2ccc(Cl)cc21,Cn1c(CNCC(O)CO)nc2ccc(Cl)cc21,Reductive_amination,,
C10060,1,,,,CC(O)C(N)=O,Cn1c(C=O)nc2ccc(Cl)cc21,CC(O)C(=O)NCc1nc2ccc(Cl)cc2n1C,Reductive_amination,,
C10061,1,,,,Cn1c(C=O)nc2ccc(Cl)cc21,NCC1CCO1,Cn1c(CNCC2CCO2)nc2ccc(Cl)cc21,Reductive_amination,,
C10062,1,,,,NCC(O)CCl,Cn1c(C=O)nc2ccc(Cl)cc21,Cn1c(CNCC(O)CCl)nc2ccc(Cl)cc21,Reductive_amination,,
C10063,1,,,,O=C1NCC1O,Cn1c(C=O)nc2ccc(Cl)cc21,Cn1c(CN2CC(O)C2=O)nc2ccc(Cl)cc21,Reductive_amination,,
C10064,1,,,,OC1CCNC1,Cn1c(C=O)nc2ccc(Cl)cc21,Cn1c(CN2CCC(O)C2)nc2ccc(Cl)cc21,Reductive_amination,,
C10065,1,,,,Cn1c(C=O)nc2ccc(Cl)cc21,COC1CNC1,COC1CN(Cc2nc3ccc(Cl)cc3n2C)C1,Reductive_amination,,
C10070,1,,,,Cn1c(C=O)nc2ccc(Cl)cc21,NCC1(O)CC1,Cn1c(CNCC2(O)CC2)nc2ccc(Cl)cc21,Reductive_amination,,
C10071,1,,,,OC1CNOC1,Cn1c(C=O)nc2ccc(Cl)cc21,Cn1c(CN2CC(O)CO2)nc2ccc(Cl)cc21,Reductive_amination,,
C10080,1,,,,Cn1c(C=O)nc2cc(Cl)ccc21,NCC1(O)CC1,Cn1c(CNCC2(O)CC2)nc2cc(Cl)ccc21,Reductive_amination,,
C10084,1,,,,OC1CCNC1,Cn1c(C=O)nc2c(Br)cccc21,Cn1c(CN2CCC(O)C2)nc2c(Br)cccc21,Reductive_amination,,
C10086,1,,,,Cn1c(C=O)nc2c(Br)cccc21,NCC1CCO1,Cn1c(CNCC2CCO2)nc2c(Br)cccc21,Reductive_amination,,
C10088,1,,,,Cn1c(C=O)nc2c(Br)cccc21,COC1CNC1,COC1CN(Cc2nc3c(Br)cccc3n2C)C1,Reductive_amination,,
C10089,1,,,,Cn1c(C=O)nc2c(Br)cccc21,C=CC(O)CN,C=CC(O)CNCc1nc2c(Br)cccc2n1C,Reductive_amination,,
C10095,1,,,,NCC(O)CCl,Cn1c(C=O)nc2c(Br)cccc21,Cn1c(CNCC(O)CCl)nc2c(Br)cccc21,Reductive_amination,,
C10097,1,,,,O=C1NCC1O,Cn1c(C=O)nc2c(Br)cccc21,Cn1c(CN2CC(O)C2=O)nc2c(Br)cccc21,Reductive_amination,,
C10100,1,,,,OC1CNOC1,Cn1c(C=O)nc2c(Br)cccc21,Cn1c(CN2CC(O)CO2)nc2c(Br)cccc21,Reductive_amination,,
C10101,1,,,,Cn1c(C=O)nc2c(Br)cccc21,NCC1(O)CC1,Cn1c(CNCC2(O)CC2)nc2c(Br)cccc21,Reductive_amination,,
C10115,1,,,,NCC(O)CF,Cn1c(C=O)nc2c(Br)cccc21,Cn1c(CNCC(O)CF)nc2c(Br)cccc21,Reductive_amination,,
C10128,1,,,,OC1CNOC1,Cn1c(C=O)nc2cc(Cl)ccc21,Cn1c(CN2CC(O)CO2)nc2cc(Cl)ccc21,Reductive_amination,,
C10129,1,,,,Cn1c(C=O)nc2c(Br)cccc21,COC(C)CN,COC(C)CNCc1nc2c(Br)cccc2n1C,Reductive_amination,,
C10138,1,,,,Cn1c(C=O)nc2cc(Cl)ccc21,NCC1CCO1,Cn1c(CNCC2CCO2)nc2cc(Cl)ccc21,Reductive_amination,,
C10143,1,,,,Cn1c(C=O)nc2cc(Cl)ccc21,COC1CNC1,COC1CN(Cc2nc3cc(Cl)ccc3n2C)C1,Reductive_amination,,
C10145,1,,,,OC1CCNC1,Cn1c(C=O)nc2cc(Cl)ccc21,Cn1c(CN2CCC(O)C2)nc2cc(Cl)ccc21,Reductive_amination,,
C10152,1,,,,NCC(O)CO,Cn1c(C=O)nc2c(Br)cccc21,Cn1c(CNCC(O)CO)nc2c(Br)cccc21,Reductive_amination,,
C10153,1,,,,CCC(O)CN,Cn1c(C=O)nc2c(Br)cccc21,CCC(O)CNCc1nc2c(Br)cccc2n1C,Reductive_amination,,
C10154,1,,,,CC(N)C(C)O,Cn1c(C=O)nc2c(Br)cccc21,CC(O)C(C)NCc1nc2c(Br)cccc2n1C,Reductive_amination,,
C10155,1,,,,CC(O)C(N)=S,Cn1c(C=O)nc2c(Br)cccc21,CC(O)C(=S)NCc1nc2c(Br)cccc2n1C,Reductive_amination,,
C10156,1,,,,CC(O)C(N)=O,Cn1c(C=O)nc2c(Br)cccc21,CC(O)C(=O)NCc1nc2c(Br)cccc2n1C,Reductive_amination,,
C10157,1,,,,CC(C)(O)CN,Cn1c(C=O)nc2c(Br)cccc21,Cn1c(CNCC(C)(C)O)nc2c(Br)cccc21,Reductive_amination,,
C10160,1,,,,Cn1c(C=O)nc2c(Br)cccc21,C#CC(O)CN,C#CC(O)CNCc1nc2c(Br)cccc2n1C,Reductive_amination,,
C10173,1,,,,CCn1c(C=O)nc2ccccc21,NCC1CCO1,CCn1c(CNCC2CCO2)nc2ccccc21,Reductive_amination,,
C10302,1,,,,OC1CCNC1,CCn1c(C=O)nc2ccccc21,CCn1c(CN2CCC(O)C2)nc2ccccc21,Reductive_amination,,
C10344,1,,,,O=C1NCC1O,CCn1c(C=O)nc2ccccc21,CCn1c(CN2CC(O)C2=O)nc2ccccc21,Reductive_amination,,
C10347,1,,,,OC1CNOC1,CCn1c(C=O)nc2ccccc21,CCn1c(CN2CC(O)CO2)nc2ccccc21,Reductive_amination,,
C10348,1,,,,CCn1c(C=O)nc2ccccc21,NCC1(O)CC1,CCn1c(CNCC2(O)CC2)nc2ccccc21,Reductive_amination,,
C10352,1,,,,NCC(O)CCl,CCn1c(C=O)nc2ccccc21,CCn1c(CNCC(O)CCl)nc2ccccc21,Reductive_amination,,
C10359,1,,,,NCC(O)CO,CCn1c(C=O)nc2ccccc21,CCn1c(CNCC(O)CO)nc2ccccc21,Reductive_amination,,
C10360,1,,,,CCC(O)CN,CCn1c(C=O)nc2ccccc21,CCC(O)CNCc1nc2ccccc2n1CC,Reductive_amination,,
C10361,1,,,,CC(N)C(C)O,CCn1c(C=O)nc2ccccc21,CCn1c(CNC(C)C(C)O)nc2ccccc21,Reductive_amination,,
C10362,1,,,,CC(O)C(N)=S,CCn1c(C=O)nc2ccccc21,CCn1c(CNC(=S)C(C)O)nc2ccccc21,Reductive_amination,,
C10364,1,,,,CC(O)C(N)=O,CCn1c(C=O)nc2ccccc21,CCn1c(CNC(=O)C(C)O)nc2ccccc21,Reductive_amination,,
C10365,1,,,,CC(C)(O)CN,CCn1c(C=O)nc2ccccc21,CCn1c(CNCC(C)(C)O)nc2ccccc21,Reductive_amination,,
C10368,1,,,,CCn1c(C=O)nc2ccccc21,C#CC(O)CN,C#CC(O)CNCc1nc2ccccc2n1CC,Reductive_amination,,
C10369,1,,,,CCn1c(C=O)nc2ccccc21,COC(C)CN,CCn1c(CNCC(C)OC)nc2ccccc21,Reductive_amination,,
C10370,1,,,,NCC(O)CF,CCn1c(C=O)nc2ccccc21,CCn1c(CNCC(O)CF)nc2ccccc21,Reductive_amination,,
C10371,1,,,,CCn1c(C=O)nc2ccccc21,C=CC(O)CN,C=CC(O)CNCc1nc2ccccc2n1CC,Reductive_amination,,
C10612,1,,,,NCC(O)CO,Cn1c(C=O)nc2cc(Br)ccc21,Cn1c(CNCC(O)CO)nc2cc(Br)ccc21,Reductive_amination,,
C10613,1,,,,CCC(O)CN,Cn1c(C=O)nc2cc(Br)ccc21,CCC(O)CNCc1nc2cc(Br)ccc2n1C,Reductive_amination,,
C10629,1,,,,CC(O)CN,CCCn1c(C=O)nc2ccccc21,CCCn1c(CNCC(C)O)nc2ccccc21,Reductive_amination,,
C10653,1,,,,NC1CC1O,CCCn1c(C=O)nc2ccccc21,CCCn1c(CNC2CC2O)nc2ccccc21,Reductive_amination,,
C10666,1,,,,Cn1c(C=O)nc2cc(Br)ccc21,NCC1(O)CC1,Cn1c(CNCC2(O)CC2)nc2cc(Br)ccc21,Reductive_amination,,
C10670,1,,,,Cn1c(C=O)nc2cc(Br)ccc21,COC1CNC1,COC1CN(Cc2nc3cc(Br)ccc3n2C)C1,Reductive_amination,,
C10671,1,,,,OC1CCNC1,Cn1c(C=O)nc2cc(Br)ccc21,Cn1c(CN2CCC(O)C2)nc2cc(Br)ccc21,Reductive_amination,,
C10672,1,,,,OC1CNOC1,Cn1c(C=O)nc2cc(Br)ccc21,Cn1c(CN2CC(O)CO2)nc2cc(Br)ccc21,Reductive_amination,,
C10675,1,,,,O=C1NCC1O,Cn1c(C=O)nc2cc(Br)ccc21,Cn1c(CN2CC(O)C2=O)nc2cc(Br)ccc21,Reductive_amination,,
C10676,1,,,,CC(N)C(C)O,Cn1c(C=O)nc2cc(Br)ccc21,CC(O)C(C)NCc1nc2cc(Br)ccc2n1C,Reductive_amination,,
C10677,1,,,,CC(O)C(N)=S,Cn1c(C=O)nc2cc(Br)ccc21,CC(O)C(=S)NCc1nc2cc(Br)ccc2n1C,Reductive_amination,,
C10678,1,,,,CC(O)C(N)=O,Cn1c(C=O)nc2cc(Br)ccc21,CC(O)C(=O)NCc1nc2cc(Br)ccc2n1C,Reductive_amination,,
C10679,1,,,,CC(C)(O)CN,Cn1c(C=O)nc2cc(Br)ccc21,Cn1c(CNCC(C)(C)O)nc2cc(Br)ccc21,Reductive_amination,,
C10683,1,,,,Cn1c(C=O)nc2cc(Br)ccc21,C#CC(O)CN,C#CC(O)CNCc1nc2cc(Br)ccc2n1C,Reductive_amination,,
C10684,1,,,,NCC(O)CF,Cn1c(C=O)nc2cc(Br)ccc21,Cn1c(CNCC(O)CF)nc2cc(Br)ccc21,Reductive_amination,,
C10685,1,,,,Cn1c(C=O)nc2cc(Br)ccc21,C=CC(O)CN,C=CC(O)CNCc1nc2cc(Br)ccc2n1C,Reductive_amination,,
C10689,1,,,,NCC(O)CCl,Cn1c(C=O)nc2cc(Br)ccc21,Cn1c(CNCC(O)CCl)nc2cc(Br)ccc21,Reductive_amination,,
C10691,1,,,,Cn1c(C=O)nc2cc(Br)ccc21,COC(C)CN,COC(C)CNCc1nc2cc(Br)ccc2n1C,Reductive_amination,,
C10692,1,,,,Cn1c(C=O)nc2cc(Br)ccc21,NCC1CCO1,Cn1c(CNCC2CCO2)nc2cc(Br)ccc21,Reductive_amination,,
C10700,1,,,,OC1CNC1,CCCn1c(C=O)nc2ccccc21,CCCn1c(CN2CC(O)C2)nc2ccccc21,Reductive_amination,,
C10727,1,,,,CC(O)CN,C=CCn1c(C=O)nc2ccccc21,C=CCn1c(CNCC(C)O)nc2ccccc21,Reductive_amination,,
C10728,1,,,,NC1CC1O,C=CCn1c(C=O)nc2ccccc21,C=CCn1c(CNC2CC2O)nc2ccccc21,Reductive_amination,,
C10730,1,,,,OC1CNC1,C=CCn1c(C=O)nc2ccccc21,C=CCn1c(CN2CC(O)C2)nc2ccccc21,Reductive_amination,,
C10909,1,,,,OC1CNC1,CC(C)n1c(C=O)nc2ccccc21,CC(C)n1c(CN2CC(O)C2)nc2ccccc21,Reductive_amination,,
C10911,1,,,,NC1CC1O,CC(C)n1c(C=O)nc2ccccc21,CC(C)n1c(CNC2CC2O)nc2ccccc21,Reductive_amination,,
C10912,1,,,,CC(O)CN,CC(C)n1c(C=O)nc2ccccc21,CC(O)CNCc1nc2ccccc2n1C(C)C,Reductive_amination,,
C11068,1,,,,Cn1c(C=O)nc2ccccc21,C#CCC(O)CN,C#CCC(O)CNCc1nc2ccccc2n1C,Reductive_amination,,
C11085,1,,,,Cn1c(C=O)nc2ccccc21,CCC(N)C(C)O,CCC(NCc1nc2ccccc2n1C)C(C)O,Reductive_amination,,
C11087,1,,,,CCC(O)C(N)=O,Cn1c(C=O)nc2ccccc21,CCC(O)C(=O)NCc1nc2ccccc2n1C,Reductive_amination,,
C11088,1,,,,COCC(O)CN,Cn1c(C=O)nc2ccccc21,COCC(O)CNCc1nc2ccccc2n1C,Reductive_amination,,
C11090,1,,,,CC(C)(O)C(N)=O,Cn1c(C=O)nc2ccccc21,Cn1c(CNC(=O)C(C)(C)O)nc2ccccc21,Reductive_amination,,
C11093,1,,,,Cn1c(C=O)nc2ccccc21,CSCC(O)CN,CSCC(O)CNCc1nc2ccccc2n1C,Reductive_amination,,
C11094,1,,,,Cn1c(C=O)nc2ccccc21,N#CCC(O)CN,Cn1c(CNCC(O)CC#N)nc2ccccc21,Reductive_amination,,
C11095,1,,,,CNC(=O)C(C)O,Cn1c(C=O)nc2ccccc21,CC(O)C(=O)N(C)Cc1nc2ccccc2n1C,Reductive_amination,,
C11097,1,,,,Cn1c(C=O)nc2ccccc21,CCCC(O)CN,CCCC(O)CNCc1nc2ccccc2n1C,Reductive_amination,,
C11099,1,,,,Cn1c(C=O)nc2ccccc21,CCC(O)C(C)N,CCC(O)C(C)NCc1nc2ccccc2n1C,Reductive_amination,,
C11168,1,,,,NCC(O)C(=O)O,Cn1c(C=O)nc2ccccc21,Cn1c(CNCC(O)C(=O)O)nc2ccccc21,Reductive_amination,,
C11207,1,,,,Cn1c(C=O)nc2ccccc21,NCC(O)C(F)F,Cn1c(CNCC(O)C(F)F)nc2ccccc21,Reductive_amination,,
C11215,1,,,,Cn1c(C=O)nc2ccccc21,CC(O)C(N)CO,CC(O)C(CO)NCc1nc2ccccc2n1C,Reductive_amination,,
C11217,1,,,,NCC(O)CO,Cn1c(C=O)nc2cc(F)ccc21,Cn1c(CNCC(O)CO)nc2cc(F)ccc21,Reductive_amination,,
C11221,1,,,,OC1CCNC1,Cn1c(C=O)nc2cc(F)ccc21,Cn1c(CN2CCC(O)C2)nc2cc(F)ccc21,Reductive_amination,,
C11222,1,,,,Cn1c(C=O)nc2cc(F)ccc21,COC1CNC1,COC1CN(Cc2nc3cc(F)ccc3n2C)C1,Reductive_amination,,
C11251,1,,,,O=C1NCC1O,Cn1c(C=O)nc2cc(F)ccc21,Cn1c(CN2CC(O)C2=O)nc2cc(F)ccc21,Reductive_amination,,
C11253,1,,,,Cn1c(C=O)nc2cc(F)ccc21,C#CC(O)CN,C#CC(O)CNCc1nc2cc(F)ccc2n1C,Reductive_amination,,
C11255,1,,,,NCC(O)CCl,Cn1c(C=O)nc2cc(F)ccc21,Cn1c(CNCC(O)CCl)nc2cc(F)ccc21,Reductive_amination,,
C11258,1,,,,Cn1c(C=O)nc2cc(F)ccc21,COC(C)CN,COC(C)CNCc1nc2cc(F)ccc2n1C,Reductive_amination,,
C11259,1,,,,NCC(O)CF,Cn1c(C=O)nc2cc(F)ccc21,Cn1c(CNCC(O)CF)nc2cc(F)ccc21,Reductive_amination,,
C11260,1,,,,Cn1c(C=O)nc2cc(F)ccc21,C=CC(O)CN,C=CC(O)CNCc1nc2cc(F)ccc2n1C,Reductive_amination,,
C11261,1,,,,Cn1c(C=O)nc2cc(F)ccc21,NCC1CCO1,Cn1c(CNCC2CCO2)nc2cc(F)ccc21,Reductive_amination,,
C11264,1,,,,OC1CNOC1,Cn1c(C=O)nc2cc(F)ccc21,Cn1c(CN2CC(O)CO2)nc2cc(F)ccc21,Reductive_amination,,
C11265,1,,,,CC(C)(O)CN,Cn1c(C=O)nc2cc(F)ccc21,Cn1c(CNCC(C)(C)O)nc2cc(F)ccc21,Reductive_amination,,
C11270,1,,,,CCC(O)CN,Cn1c(C=O)nc2cc(F)ccc21,CCC(O)CNCc1nc2cc(F)ccc2n1C,Reductive_amination,,
C11271,1,,,,CC(N)C(C)O,Cn1c(C=O)nc2cc(F)ccc21,CC(O)C(C)NCc1nc2cc(F)ccc2n1C,Reductive_amination,,
C11272,1,,,,Cn1c(C=O)nc2cc(F)ccc21,NCC1(O)CC1,Cn1c(CNCC2(O)CC2)nc2cc(F)ccc21,Reductive_amination,,
C11273,1,,,,CC(O)C(N)=S,Cn1c(C=O)nc2cc(F)ccc21,CC(O)C(=S)NCc1nc2cc(F)ccc2n1C,Reductive_amination,,
C11274,1,,,,CC(O)C(N)=O,Cn1c(C=O)nc2cc(F)ccc21,CC(O)C(=O)NCc1nc2cc(F)ccc2n1C,Reductive_amination,,
C11383,1,,,,CNCC(C)O,CC(C)n1c(C=O)nc2ccccc21,CC(O)CN(C)Cc1nc2ccccc2n1C(C)C,Reductive_amination,,
C11384,1,,,,CC(C)(O)CN,CC(C)n1c(C=O)nc2ccccc21,CC(C)n1c(CNCC(C)(C)O)nc2ccccc21,Reductive_amination,,
C11401,1,,,,CC(O)C(N)=O,CC(C)n1c(C=O)nc2ccccc21,CC(O)C(=O)NCc1nc2ccccc2n1C(C)C,Reductive_amination,,
C11402,1,,,,CC(O)C(N)=S,CC(C)n1c(C=O)nc2ccccc21,CC(O)C(=S)NCc1nc2ccccc2n1C(C)C,Reductive_amination,,
C11403,1,,,,CC(N)C(C)O,CC(C)n1c(C=O)nc2ccccc21,CC(O)C(C)NCc1nc2ccccc2n1C(C)C,Reductive_amination,,
C11404,1,,,,CCC(O)CN,CC(C)n1c(C=O)nc2ccccc21,CCC(O)CNCc1nc2ccccc2n1C(C)C,Reductive_amination,,
C11418,1,,,,NCC(O)CO,CC(C)n1c(C=O)nc2ccccc21,CC(C)n1c(CNCC(O)CO)nc2ccccc21,Reductive_amination,,
C11423,1,,,,C=CCn1c(C=O)nc2ccccc21,CC1(O)CNC1,C=CCn1c(CN2CC(C)(O)C2)nc2ccccc21,Reductive_amination,,
C11425,1,,,,C=CCn1c(C=O)nc2ccccc21,CC1CNCO1,C=CCn1c(CN2COC(C)C2)nc2ccccc21,Reductive_amination,,
C11426,1,,,,C=CCn1c(C=O)nc2ccccc21,NCC1(O)CC1,C=CCn1c(CNCC2(O)CC2)nc2ccccc21,Reductive_amination,,
C11427,1,,,,OC1CNOC1,C=CCn1c(C=O)nc2ccccc21,C=CCn1c(CN2CC(O)CO2)nc2ccccc21,Reductive_amination,,
C11430,1,,,,O=C1NCC1O,C=CCn1c(C=O)nc2ccccc21,C=CCn1c(CN2CC(O)C2=O)nc2ccccc21,Reductive_amination,,
C11432,1,,,,NCC(O)CCl,C=CCn1c(C=O)nc2ccccc21,C=CCn1c(CNCC(O)CCl)nc2ccccc21,Reductive_amination,,
C11437,1,,,,C=CCn1c(C=O)nc2ccccc21,C=CC(O)CN,C=CCn1c(CNCC(O)C=C)nc2ccccc21,Reductive_amination,,
C11438,1,,,,NCC(O)CF,C=CCn1c(C=O)nc2ccccc21,C=CCn1c(CNCC(O)CF)nc2ccccc21,Reductive_amination,,
C11439,1,,,,C=CCn1c(C=O)nc2ccccc21,COC(C)CN,C=CCn1c(CNCC(C)OC)nc2ccccc21,Reductive_amination,,
C11440,1,,,,C=CCn1c(C=O)nc2ccccc21,C#CC(O)CN,C#CC(O)CNCc1nc2ccccc2n1CC=C,Reductive_amination,,
C11444,1,,,,CC(C)(O)CN,C=CCn1c(C=O)nc2ccccc21,C=CCn1c(CNCC(C)(C)O)nc2ccccc21,Reductive_amination,,
C11446,1,,,,CNCC(C)O,C=CCn1c(C=O)nc2ccccc21,C=CCn1c(CN(C)CC(C)O)nc2ccccc21,Reductive_amination,,
C11459,1,,,,C=CCn1c(C=O)nc2ccccc21,COC1CNC1,C=CCn1c(CN2CC(OC)C2)nc2ccccc21,Reductive_amination,,
C11460,1,,,,C=CCn1c(C=O)nc2ccccc21,CC1NCC1O,C=CCn1c(CN2CC(O)C2C)nc2ccccc21,Reductive_amination,,
C11463,1,,,,CC(O)C(N)=O,C=CCn1c(C=O)nc2ccccc21,C=CCn1c(CNC(=O)C(C)O)nc2ccccc21,Reductive_amination,,
C11464,1,,,,CC(O)C(N)=S,C=CCn1c(C=O)nc2ccccc21,C=CCn1c(CNC(=S)C(C)O)nc2ccccc21,Reductive_amination,,
C11465,1,,,,CC(N)C(C)O,C=CCn1c(C=O)nc2ccccc21,C=CCn1c(CNC(C)C(C)O)nc2ccccc21,Reductive_amination,,
C11486,1,,,,CCC(O)CN,C=CCn1c(C=O)nc2ccccc21,C=CCn1c(CNCC(O)CC)nc2ccccc21,Reductive_amination,,
C11487,1,,,,NCC(O)CO,C=CCn1c(C=O)nc2ccccc21,C=CCn1c(CNCC(O)CO)nc2ccccc21,Reductive_amination,,
C11527,1,,,,C=CCn1c(C=O)nc2ccccc21,NCC1CCO1,C=CCn1c(CNCC2CCO2)nc2ccccc21,Reductive_amination,,
C11529,1,,,,C=CCn1c(C=O)nc2ccccc21,NC1CCC1O,C=CCn1c(CNC2CCC2O)nc2ccccc21,Reductive_amination,,
C11530,1,,,,OC1CCNC1,C=CCn1c(C=O)nc2ccccc21,C=CCn1c(CN2CCC(O)C2)nc2ccccc21,Reductive_amination,,
C11555,1,,,,CC(C)n1c(C=O)nc2ccccc21,C#CC(O)CN,C#CC(O)CNCc1nc2ccccc2n1C(C)C,Reductive_amination,,
C12245,1,,,,OCc1cnc2sccn12,COc1ccccc1OC1CNC1,COc1ccccc1OC1CN(Cc2cnc3sccn23)C1,Mitsunobu_reaction_with_amine_alcohol_and_thioalcohol,,
C12250,1,,,,OCc1c(Cl)nc2sccn12,COc1ccccc1OC1CNC1,COc1ccccc1OC1CN(Cc2c(Cl)nc3sccn23)C1,Mitsunobu_reaction_with_amine_alcohol_and_thioalcohol,,
C12256,1,,,,OCc1c(Cl)nc2sccn12,COc1ccccc1OC(C)CN,COc1ccccc1OC(C)CNCc1c(Cl)nc2sccn12,Mitsunobu_reaction_with_amine_alcohol_and_thioalcohol,,
C12284,1,,,,Cc1nc2sccn2c1CO,COc1ccccc1OC(C)CN,COc1ccccc1OC(C)CNCc1c(C)nc2sccn12,Mitsunobu_reaction_with_amine_alcohol_and_thioalcohol,,
C12285,1,,,,Cc1nc2sccn2c1CO,CC1(CN)COc2ccccc2O1,Cc1nc2sccn2c1CNCC1(C)COc2ccccc2O1,Mitsunobu_reaction_with_amine_alcohol_and_thioalcohol,,
C12286,1,,,,Cc1nc2sccn2c1CO,COc1ccccc1OC1CNC1,COc1ccccc1OC1CN(Cc2c(C)nc3sccn23)C1,Mitsunobu_reaction_with_amine_alcohol_and_thioalcohol,,
C12354,1,,,,OCc1c(Cl)nc2sccn12,COc1ccc(Cl)cc1OC1CNC1,COc1ccc(Cl)cc1OC1CN(Cc2c(Cl)nc3sccn23)C1,Mitsunobu_reaction_with_amine_alcohol_and_thioalcohol,,
C12457,1,,,,CC(O)c1c(Cl)nc2sccn12,COc1ccccc1OC(C)CN,COc1ccccc1OC(C)CNC(C)c1c(Cl)nc2sccn12,Mitsunobu_reaction_with_amine_alcohol_and_thioalcohol,,
C12459,1,,,,CC(O)c1c(Cl)nc2sccn12,CC1(CN)COc2ccccc2O1,CC(NCC1(C)COc2ccccc2O1)c1c(Cl)nc2sccn12,Mitsunobu_reaction_with_amine_alcohol_and_thioalcohol,,
C12460,1,,,,CC(O)c1c(Cl)nc2sccn12,COc1ccccc1OC1CNC1,COc1ccccc1OC1CN(C(C)c2c(Cl)nc3sccn23)C1,Mitsunobu_reaction_with_amine_alcohol_and_thioalcohol,,
C12583,1,,,,Cc1cn2c(CO)c(C)nc2s1,CC1(CN)COc2ccccc2O1,Cc1cn2c(CNCC3(C)COc4ccccc4O3)c(C)nc2s1,Mitsunobu_reaction_with_amine_alcohol_and_thioalcohol,,
C12607,1,,,,Cc1cn2c(CO)c(C)nc2s1,COc1ccccc1OC(C)CN,COc1ccccc1OC(C)CNCc1c(C)nc2sc(C)cn12,Mitsunobu_reaction_with_amine_alcohol_and_thioalcohol,,
C12871,1,,,,Cc1nc2sccn2c1CO,COc1ccc(Cl)cc1OC1CNC1,COc1ccc(Cl)cc1OC1CN(Cc2c(C)nc3sccn23)C1,Mitsunobu_reaction_with_amine_alcohol_and_thioalcohol,,
C13797,1,,,,CC(O)c1c(Cl)nc2sccn12,COc1ccc(Cl)cc1OC1CNC1,COc1ccc(Cl)cc1OC1CN(C(C)c2c(Cl)nc3sccn23)C1,Mitsunobu_reaction_with_amine_alcohol_and_thioalcohol,,
C14044,1,,,,OC1CNC1,O=Cc1nc2ccccc2n1C1CC1,OC1CN(Cc2nc3ccccc3n2C2CC2)C1,Reductive_amination,,
C14059,1,,,,NC1CC1O,O=Cc1nc2ccccc2n1C1CC1,OC1CC1NCc1nc2ccccc2n1C1CC1,Reductive_amination,,
C14153,1,,,,OC1CNC1,CC(C)Cn1c(C=O)nc2ccccc21,CC(C)Cn1c(CN2CC(O)C2)nc2ccccc21,Reductive_amination,,
C14241,1,,,,NC1CC1O,CC(C)Cn1c(C=O)nc2ccccc21,CC(C)Cn1c(CNC2CC2O)nc2ccccc21,Reductive_amination,,
C14242,1,,,,CC(O)CN,CC(C)Cn1c(C=O)nc2ccccc21,CC(C)Cn1c(CNCC(C)O)nc2ccccc21,Reductive_amination,,
C14522,1,,,,NCC(O)CO,O=Cc1nc2ccccc2n1C1CC1,OCC(O)CNCc1nc2ccccc2n1C1CC1,Reductive_amination,,
C14523,1,,,,CCC(O)CN,O=Cc1nc2ccccc2n1C1CC1,CCC(O)CNCc1nc2ccccc2n1C1CC1,Reductive_amination,,
C14525,1,,,,CC(N)C(C)O,O=Cc1nc2ccccc2n1C1CC1,CC(O)C(C)NCc1nc2ccccc2n1C1CC1,Reductive_amination,,
C14548,1,,,,CC(O)C(N)=S,O=Cc1nc2ccccc2n1C1CC1,CC(O)C(=S)NCc1nc2ccccc2n1C1CC1,Reductive_amination,,
C14549,1,,,,CNCC(C)O,O=Cc1nc2ccccc2n1C1CC1,CC(O)CN(C)Cc1nc2ccccc2n1C1CC1,Reductive_amination,,
C14555,1,,,,CC1NCC1O,O=Cc1nc2ccccc2n1C1CC1,CC1C(O)CN1Cc1nc2ccccc2n1C1CC1,Reductive_amination,,
C14556,1,,,,COC1CNC1,O=Cc1nc2ccccc2n1C1CC1,COC1CN(Cc2nc3ccccc3n2C2CC2)C1,Reductive_amination,,
C14557,1,,,,CC1(O)CNC1,O=Cc1nc2ccccc2n1C1CC1,CC1(O)CN(Cc2nc3ccccc3n2C2CC2)C1,Reductive_amination,,
C14558,1,,,,OC1CCNC1,O=Cc1nc2ccccc2n1C1CC1,OC1CCN(Cc2nc3ccccc3n2C2CC2)C1,Reductive_amination,,
C14560,1,,,,NCC1CCO1,O=Cc1nc2ccccc2n1C1CC1,c1ccc2c(c1)nc(CNCC1CCO1)n2C1CC1,Reductive_amination,,
C14566,1,,,,NC1CCC1O,O=Cc1nc2ccccc2n1C1CC1,OC1CCC1NCc1nc2ccccc2n1C1CC1,Reductive_amination,,
C14567,1,,,,CC(O)C(N)=O,O=Cc1nc2ccccc2n1C1CC1,CC(O)C(=O)NCc1nc2ccccc2n1C1CC1,Reductive_amination,,
C14569,1,,,,NCC1(O)CC1,O=Cc1nc2ccccc2n1C1CC1,OC1(CNCc2nc3ccccc3n2C2CC2)CC1,Reductive_amination,,
C14570,1,,,,CC(C)(O)CN,O=Cc1nc2ccccc2n1C1CC1,CC(C)(O)CNCc1nc2ccccc2n1C1CC1,Reductive_amination,,
C14573,1,,,,C#CC(O)CN,O=Cc1nc2ccccc2n1C1CC1,C#CC(O)CNCc1nc2ccccc2n1C1CC1,Reductive_amination,,
C14574,1,,,,COC(C)CN,O=Cc1nc2ccccc2n1C1CC1,COC(C)CNCc1nc2ccccc2n1C1CC1,Reductive_amination,,
C14575,1,,,,CC1CNCO1,O=Cc1nc2ccccc2n1C1CC1,CC1CN(Cc2nc3ccccc3n2C2CC2)CO1,Reductive_amination,,
C14576,1,,,,NCC(O)CF,O=Cc1nc2ccccc2n1C1CC1,OC(CF)CNCc1nc2ccccc2n1C1CC1,Reductive_amination,,
C14578,1,,,,C=CC(O)CN,O=Cc1nc2ccccc2n1C1CC1,C=CC(O)CNCc1nc2ccccc2n1C1CC1,Reductive_amination,,
C14580,1,,,,NCC(O)CCl,O=Cc1nc2ccccc2n1C1CC1,OC(CCl)CNCc1nc2ccccc2n1C1CC1,Reductive_amination,,
C14584,1,,,,OC1CNOC1,O=Cc1nc2ccccc2n1C1CC1,OC1CON(Cc2nc3ccccc3n2C2CC2)C1,Reductive_amination,,
C14726,1,,,,O=C1NCC1O,O=Cc1nc2ccccc2n1C1CC1,O=C1C(O)CN1Cc1nc2ccccc2n1C1CC1,Reductive_amination,,
C14780,1,,,,OC1CNC1,CCCCn1c(C=O)nc2ccccc21,CCCCn1c(CN2CC(O)C2)nc2ccccc21,Reductive_amination,,
C14783,1,,,,NC1CC1O,CCCCn1c(C=O)nc2ccccc21,CCCCn1c(CNC2CC2O)nc2ccccc21,Reductive_amination,,
C14784,1,,,,CC(O)CN,CCCCn1c(C=O)nc2ccccc21,CCCCn1c(CNCC(C)O)nc2ccccc21,Reductive_amination,,
C14912,1,,,,O=C1NCC1O,CC(C)n1c(C=O)nc2ccccc21,CC(C)n1c(CN2CC(O)C2=O)nc2ccccc21,Reductive_amination,,
C14914,1,,,,OC1CNOC1,CC(C)n1c(C=O)nc2ccccc21,CC(C)n1c(CN2CC(O)CO2)nc2ccccc21,Reductive_amination,,
C14915,1,,,,CC(C)n1c(C=O)nc2ccccc21,NCC1(O)CC1,CC(C)n1c(CNCC2(O)CC2)nc2ccccc21,Reductive_amination,,
C14919,1,,,,NCC(O)CCl,CC(C)n1c(C=O)nc2ccccc21,CC(C)n1c(CNCC(O)CCl)nc2ccccc21,Reductive_amination,,
C14920,1,,,,CC(C)n1c(C=O)nc2ccccc21,C=CC(O)CN,C=CC(O)CNCc1nc2ccccc2n1C(C)C,Reductive_amination,,
C14922,1,,,,CC(C)n1c(C=O)nc2ccccc21,COC(C)CN,COC(C)CNCc1nc2ccccc2n1C(C)C,Reductive_amination,,
C14923,1,,,,NCC(O)CF,CC(C)n1c(C=O)nc2ccccc21,CC(C)n1c(CNCC(O)CF)nc2ccccc21,Reductive_amination,,
C14936,1,,,,CC(C)n1c(C=O)nc2ccccc21,COC1CNC1,COC1CN(Cc2nc3ccccc3n2C(C)C)C1,Reductive_amination,,
C14937,1,,,,OC1CCNC1,CC(C)n1c(C=O)nc2ccccc21,CC(C)n1c(CN2CCC(O)C2)nc2ccccc21,Reductive_amination,,
C14938,1,,,,CC(C)n1c(C=O)nc2ccccc21,NCC1CCO1,CC(C)n1c(CNCC2CCO2)nc2ccccc21,Reductive_amination,,
C14946,1,,,,NCC(O)CCl,CCCn1c(C=O)nc2ccccc21,CCCn1c(CNCC(O)CCl)nc2ccccc21,Reductive_amination,,
C14948,1,,,,O=C1NCC1O,CCCn1c(C=O)nc2ccccc21,CCCn1c(CN2CC(O)C2=O)nc2ccccc21,Reductive_amination,,
C14950,1,,,,CCCn1c(C=O)nc2ccccc21,NCC1CCO1,CCCn1c(CNCC2CCO2)nc2ccccc21,Reductive_amination,,
C14955,1,,,,CCCn1c(C=O)nc2ccccc21,NC1CCC1O,CCCn1c(CNC2CCC2O)nc2ccccc21,Reductive_amination,,
C14957,1,,,,OC1CCNC1,CCCn1c(C=O)nc2ccccc21,CCCn1c(CN2CCC(O)C2)nc2ccccc21,Reductive_amination,,
C14958,1,,,,CCCn1c(C=O)nc2ccccc21,CC1NCC1O,CCCn1c(CN2CC(O)C2C)nc2ccccc21,Reductive_amination,,
C14961,1,,,,OC1CNOC1,CCCn1c(C=O)nc2ccccc21,CCCn1c(CN2CC(O)CO2)nc2ccccc21,Reductive_amination,,
C14962,1,,,,CCCn1c(C=O)nc2ccccc21,NCC1(O)CC1,CCCn1c(CNCC2(O)CC2)nc2ccccc21,Reductive_amination,,
C14963,1,,,,CCCn1c(C=O)nc2ccccc21,CC1CNCO1,CCCn1c(CN2COC(C)C2)nc2ccccc21,Reductive_amination,,
C14965,1,,,,CCCn1c(C=O)nc2ccccc21,COC1CNC1,CCCn1c(CN2CC(OC)C2)nc2ccccc21,Reductive_amination,,
C14966,1,,,,CCCn1c(C=O)nc2ccccc21,CC1(O)CNC1,CCCn1c(CN2CC(C)(O)C2)nc2ccccc21,Reductive_amination,,
C14973,1,,,,CCCn1c(C=O)nc2ccccc21,C=CC(O)CN,C=CC(O)CNCc1nc2ccccc2n1CCC,Reductive_amination,,
C14996,1,,,,NCC(O)CO,CCCn1c(C=O)nc2ccccc21,CCCn1c(CNCC(O)CO)nc2ccccc21,Reductive_amination,,
C14997,1,,,,CCC(O)CN,CCCn1c(C=O)nc2ccccc21,CCCn1c(CNCC(O)CC)nc2ccccc21,Reductive_amination,,
C14998,1,,,,CC(N)C(C)O,CCCn1c(C=O)nc2ccccc21,CCCn1c(CNC(C)C(C)O)nc2ccccc21,Reductive_amination,,
C14999,1,,,,CC(O)C(N)=S,CCCn1c(C=O)nc2ccccc21,CCCn1c(CNC(=S)C(C)O)nc2ccccc21,Reductive_amination,,
C15000,1,,,,CC(O)C(N)=O,CCCn1c(C=O)nc2ccccc21,CCCn1c(CNC(=O)C(C)O)nc2ccccc21,Reductive_amination,,
C15001,1,,,,CNCC(C)O,CCCn1c(C=O)nc2ccccc21,CCCn1c(CN(C)CC(C)O)nc2ccccc21,Reductive_amination,,
C15003,1,,,,CC(C)(O)CN,CCCn1c(C=O)nc2ccccc21,CCCn1c(CNCC(C)(C)O)nc2ccccc21,Reductive_amination,,
C15005,1,,,,CCCn1c(C=O)nc2ccccc21,C#CC(O)CN,C#CC(O)CNCc1nc2ccccc2n1CCC,Reductive_amination,,
C15006,1,,,,CCCn1c(C=O)nc2ccccc21,COC(C)CN,CCCn1c(CNCC(C)OC)nc2ccccc21,Reductive_amination,,
C15007,1,,,,NCC(O)CF,CCCn1c(C=O)nc2ccccc21,CCCn1c(CNCC(O)CF)nc2ccccc21,Reductive_amination,,
C15029,1,,,,CCn1c(C=O)nc2ccccc21,C#CCC(O)CN,C#CCC(O)CNCc1nc2ccccc2n1CC,Reductive_amination,,
C15031,1,,,,CNCC(O)CO,CCn1c(C=O)nc2ccccc21,CCn1c(CN(C)CC(O)CO)nc2ccccc21,Reductive_amination,,
C15032,1,,,,CCn1c(C=O)nc2ccccc21,CCC(O)C(C)N,CCC(O)C(C)NCc1nc2ccccc2n1CC,Reductive_amination,,
C15034,1,,,,CCn1c(C=O)nc2ccccc21,CCC(C)(O)CN,CCn1c(CNCC(C)(O)CC)nc2ccccc21,Reductive_amination,,
C15035,1,,,,CCn1c(C=O)nc2ccccc21,CCCC(O)CN,CCCC(O)CNCc1nc2ccccc2n1CC,Reductive_amination,,
C15036,1,,,,CNC(=O)C(C)O,CCn1c(C=O)nc2ccccc21,CCn1c(CN(C)C(=O)C(C)O)nc2ccccc21,Reductive_amination,,
C15153,1,,,,CC(O)CN,COCCn1c(C=O)nc2ccccc21,COCCn1c(CNCC(C)O)nc2ccccc21,Reductive_amination,,
C15154,1,,,,NC1CC1O,COCCn1c(C=O)nc2ccccc21,COCCn1c(CNC2CC2O)nc2ccccc21,Reductive_amination,,
C15156,1,,,,OC1CNC1,COCCn1c(C=O)nc2ccccc21,COCCn1c(CN2CC(O)C2)nc2ccccc21,Reductive_amination,,
C15178,1,,,,COCC(O)CN,CCn1c(C=O)nc2ccccc21,CCn1c(CNCC(O)COC)nc2ccccc21,Reductive_amination,,
C15179,1,,,,CCC(O)C(N)=O,CCn1c(C=O)nc2ccccc21,CCC(O)C(=O)NCc1nc2ccccc2n1CC,Reductive_amination,,
C15181,1,,,,CCn1c(C=O)nc2ccccc21,CCC(N)C(C)O,CCC(NCc1nc2ccccc2n1CC)C(C)O,Reductive_amination,,
C15184,1,,,,CCn1c(C=O)nc2ccccc21,CNCC(O)CF,CCn1c(CN(C)CC(O)CF)nc2ccccc21,Reductive_amination,,
C15185,1,,,,CCn1c(C=O)nc2ccccc21,CC(O)C(N)CO,CCn1c(CNC(CO)C(C)O)nc2ccccc21,Reductive_amination,,
C15198,1,,,,CCn1c(C=O)nc2ccccc21,N#CCC(O)CN,CCn1c(CNCC(O)CC#N)nc2ccccc21,Reductive_amination,,
C15203,1,,,,CCn1c(C=O)nc2ccccc21,CSCC(O)CN,CCn1c(CNCC(O)CSC)nc2ccccc21,Reductive_amination,,
C15213,1,,,,CCn1c(C=O)nc2ccccc21,CCC(O)CNC,CCC(O)CN(C)Cc1nc2ccccc2n1CC,Reductive_amination,,
C15214,1,,,,CC(C)(O)C(N)=O,CCn1c(C=O)nc2ccccc21,CCn1c(CNC(=O)C(C)(C)O)nc2ccccc21,Reductive_amination,,
C15232,1,,,,CCn1c(C=O)nc2ccccc21,NCC(O)C(F)F,CCn1c(CNCC(O)C(F)F)nc2ccccc21,Reductive_amination,,
C15241,1,,,,CCn1c(C=O)nc2ccccc21,CNCC(C)(C)O,CCn1c(CN(C)CC(C)(C)O)nc2ccccc21,Reductive_amination,,
C15243,1,,,,NCC(O)C(=O)O,CCn1c(C=O)nc2ccccc21,CCn1c(CNCC(O)C(=O)O)nc2ccccc21,Reductive_amination,,
C15566,1,,,,Cn1c(C=O)nc2cc(F)ccc21,CNCC(O)CF,CN(Cc1nc2cc(F)ccc2n1C)CC(O)CF,Reductive_amination,,
C15567,1,,,,Cn1c(C=O)nc2cc(F)ccc21,CCC(O)C(C)N,CCC(O)C(C)NCc1nc2cc(F)ccc2n1C,Reductive_amination,,
C15568,1,,,,CNCC(O)CO,Cn1c(C=O)nc2cc(F)ccc21,CN(Cc1nc2cc(F)ccc2n1C)CC(O)CO,Reductive_amination,,
C15570,1,,,,Cn1c(C=O)nc2cc(F)ccc21,C#CCC(O)CN,C#CCC(O)CNCc1nc2cc(F)ccc2n1C,Reductive_amination,,
C15574,1,,,,Cn1c(C=O)nc2cc(F)ccc21,CC(O)C(N)CO,CC(O)C(CO)NCc1nc2cc(F)ccc2n1C,Reductive_amination,,
C15575,1,,,,Cn1c(C=O)nc2cc(F)ccc21,CCC(N)C(C)O,CCC(NCc1nc2cc(F)ccc2n1C)C(C)O,Reductive_amination,,
C15577,1,,,,Cn1c(C=O)nc2cc(F)ccc21,N#CCC(O)CN,Cn1c(CNCC(O)CC#N)nc2cc(F)ccc21,Reductive_amination,,
C15578,1,,,,CNC(=O)C(C)O,Cn1c(C=O)nc2cc(F)ccc21,CC(O)C(=O)N(C)Cc1nc2cc(F)ccc2n1C,Reductive_amination,,
C15580,1,,,,Cn1c(C=O)nc2cc(F)ccc21,CCC(O)CNC,CCC(O)CN(C)Cc1nc2cc(F)ccc2n1C,Reductive_amination,,
C15581,1,,,,CC(C)(O)C(N)=O,Cn1c(C=O)nc2cc(F)ccc21,Cn1c(CNC(=O)C(C)(C)O)nc2cc(F)ccc21,Reductive_amination,,
C15583,1,,,,COCC(O)CN,Cn1c(C=O)nc2cc(F)ccc21,COCC(O)CNCc1nc2cc(F)ccc2n1C,Reductive_amination,,
C15584,1,,,,CCC(O)C(N)=O,Cn1c(C=O)nc2cc(F)ccc21,CCC(O)C(=O)NCc1nc2cc(F)ccc2n1C,Reductive_amination,,
C15591,1,,,,Cn1c(C=O)nc2cc(F)ccc21,CCCC(O)CN,CCCC(O)CNCc1nc2cc(F)ccc2n1C,Reductive_amination,,
C15594,1,,,,Cn1c(C=O)nc2cc(F)ccc21,CSCC(O)CN,CSCC(O)CNCc1nc2cc(F)ccc2n1C,Reductive_amination,,
C15597,1,,,,Cn1c(C=O)nc2cc(F)ccc21,CNCC(C)(C)O,CN(Cc1nc2cc(F)ccc2n1C)CC(C)(C)O,Reductive_amination,,
C15599,1,,,,NCC(O)C(=O)O,Cn1c(C=O)nc2cc(F)ccc21,Cn1c(CNCC(O)C(=O)O)nc2cc(F)ccc21,Reductive_amination,,
C15601,1,,,,Cn1c(C=O)nc2cc(F)ccc21,NCC(O)C(F)F,Cn1c(CNCC(O)C(F)F)nc2cc(F)ccc21,Reductive_amination,,
C16686,1,,,,ClCC1CO1,NCc1cccnc1-n1cnc2ccccc21,c1cnc(-n2cnc3ccccc32)c(CNCC2CO2)c1,Nucleophilic_substitution_with_amine,,
C16688,1,,,,OC1CC1Cl,NCc1cccnc1-n1cnc2ccccc21,OC1CC1NCc1cccnc1-n1cnc2ccccc21,Nucleophilic_substitution_with_amine,,
C16691,1,,,,CC1OC1CCl,NCc1cccnc1-n1cnc2ccccc21,CC1OC1CNCc1cccnc1-n1cnc2ccccc21,Nucleophilic_substitution_with_amine,,
C16693,1,,,,OC(CF)CCl,NCc1cccnc1-n1cnc2ccccc21,OC(CF)CNCc1cccnc1-n1cnc2ccccc21,Nucleophilic_substitution_with_amine,,
C16695,1,,,,OCC(O)CCl,NCc1cccnc1-n1cnc2ccccc21,OCC(O)CNCc1cccnc1-n1cnc2ccccc21,Nucleophilic_substitution_with_amine,,
C16709,1,,,,NCC(O)CCl,NCc1cccnc1-n1cnc2ccccc21,NCC(O)CNCc1cccnc1-n1cnc2ccccc21,Nucleophilic_substitution_with_amine,,
C16742,1,,,,CC(C)(O)CCl,NCc1cccnc1-n1cnc2ccccc21,CC(C)(O)CNCc1cccnc1-n1cnc2ccccc21,Nucleophilic_substitution_with_amine,,
C16745,1,,,,CC1(CCl)CO1,NCc1cccnc1-n1cnc2ccccc21,CC1(CNCc2cccnc2-n2cnc3ccccc32)CO1,Nucleophilic_substitution_with_amine,,
C16747,1,,,,COC(C)CCl,NCc1cccnc1-n1cnc2ccccc21,COC(C)CNCc1cccnc1-n1cnc2ccccc21,Nucleophilic_substitution_with_amine,,
C16755,1,,,,CC(O)C(C)Cl,NCc1cccnc1-n1cnc2ccccc21,CC(O)C(C)NCc1cccnc1-n1cnc2ccccc21,Nucleophilic_substitution_with_amine,,
C16768,1,,,,CCC(O)CCl,NCc1cccnc1-n1cnc2ccccc21,CCC(O)CNCc1cccnc1-n1cnc2ccccc21,Nucleophilic_substitution_with_amine,,
C16814,1,,,,CCCC(O)CCl,NCc1cccnc1-n1cnc2ccccc21,CCCC(O)CNCc1cccnc1-n1cnc2ccccc21,Nucleophilic_substitution_with_amine,,
C16842,1,,,,CC1(C)OC1CCl,NCc1cccnc1-n1cnc2ccccc21,CC1(C)OC1CNCc1cccnc1-n1cnc2ccccc21,Nucleophilic_substitution_with_amine,,
C16873,1,,,,O=C(O)C(O)CCl,NCc1cccnc1-n1cnc2ccccc21,O=C(O)C(O)CNCc1cccnc1-n1cnc2ccccc21,Nucleophilic_substitution_with_amine,,
C16895,1,,,,ClCC1CCCO1,NCc1cccnc1-n1cnc2ccccc21,c1cnc(-n2cnc3ccccc32)c(CNCC2CCCO2)c1,Nucleophilic_substitution_with_amine,,
C16952,1,,,,CC(Cl)C(C)(C)O,NCc1cccnc1-n1cnc2ccccc21,CC(NCc1cccnc1-n1cnc2ccccc21)C(C)(C)O,Nucleophilic_substitution_with_amine,,
C17173,1,,,,CC(C)C(O)CCl,NCc1cccnc1-n1cnc2ccccc21,CC(C)C(O)CNCc1cccnc1-n1cnc2ccccc21,Nucleophilic_substitution_with_amine,,
C17192,1,,,,ClCC1COCO1,NCc1cccnc1-n1cnc2ccccc21,c1cnc(-n2cnc3ccccc32)c(CNCC2COCO2)c1,Nucleophilic_substitution_with_amine,,
C17579,1,,,,N#CCC(O)CCl,NCc1cccnc1-n1cnc2ccccc21,N#CCC(O)CNCc1cccnc1-n1cnc2ccccc21,Nucleophilic_substitution_with_amine,,
C18569,1,,,,ClCC1CO1,NCc1cccc(Cn2cnc3ccccc32)c1,c1cc(CNCC2CO2)cc(Cn2cnc3ccccc32)c1,Nucleophilic_substitution_with_amine,,
C18570,1,,,,OC1CC1Cl,NCc1cccc(Cn2cnc3ccccc32)c1,OC1CC1NCc1cccc(Cn2cnc3ccccc32)c1,Nucleophilic_substitution_with_amine,,
C18572,1,,,,OC(CF)CCl,NCc1cccc(Cn2cnc3ccccc32)c1,OC(CF)CNCc1cccc(Cn2cnc3ccccc32)c1,Nucleophilic_substitution_with_amine,,
C18593,1,,,,CC(C)(O)CCl,NCc1cccc(Cn2cnc3ccccc32)c1,CC(C)(O)CNCc1cccc(Cn2cnc3ccccc32)c1,Nucleophilic_substitution_with_amine,,
C18605,1,,,,OC1CC1Cl,N=C(N)c1cccc(Cn2cnc3ccccc32)c1,N=C(NC1CC1O)c1cccc(Cn2cnc3ccccc32)c1,Nucleophilic_substitution_with_amine,,
C18615,1,,,,OCC(O)CCl,NCc1cccc(Cn2cnc3ccccc32)c1,OCC(O)CNCc1cccc(Cn2cnc3ccccc32)c1,Nucleophilic_substitution_with_amine,,
C18618,1,,,,CC(O)C(C)Cl,NCc1cccc(Cn2cnc3ccccc32)c1,CC(O)C(C)NCc1cccc(Cn2cnc3ccccc32)c1,Nucleophilic_substitution_with_amine,,
C18624,1,,,,CC1OC1CCl,NCc1cccc(Cn2cnc3ccccc32)c1,CC1OC1CNCc1cccc(Cn2cnc3ccccc32)c1,Nucleophilic_substitution_with_amine,,
C18626,1,,,,CC1(CCl)CO1,NCc1cccc(Cn2cnc3ccccc32)c1,CC1(CNCc2cccc(Cn3cnc4ccccc43)c2)CO1,Nucleophilic_substitution_with_amine,,
C18630,1,,,,COC(C)CCl,NCc1cccc(Cn2cnc3ccccc32)c1,COC(C)CNCc1cccc(Cn2cnc3ccccc32)c1,Nucleophilic_substitution_with_amine,,
C18631,1,,,,CCC(O)CCl,NCc1cccc(Cn2cnc3ccccc32)c1,CCC(O)CNCc1cccc(Cn2cnc3ccccc32)c1,Nucleophilic_substitution_with_amine,,
C18632,1,,,,NCC(O)CCl,NCc1cccc(Cn2cnc3ccccc32)c1,NCC(O)CNCc1cccc(Cn2cnc3ccccc32)c1,Nucleophilic_substitution_with_amine,,
C18661,1,,,,CC(O)CCl,N=C(N)c1cccc(Cn2cnc3ccccc32)c1,CC(O)CNC(=N)c1cccc(Cn2cnc3ccccc32)c1,Nucleophilic_substitution_with_amine,,
C18683,1,,,,ClCC1CO1,N=C(N)c1cccc(Cn2cnc3ccccc32)c1,N=C(NCC1CO1)c1cccc(Cn2cnc3ccccc32)c1,Nucleophilic_substitution_with_amine,,
C18701,1,,,,CC1(CCl)CO1,N=C(N)c1cccc(Cn2cnc3ccccc32)c1,CC1(CNC(=N)c2cccc(Cn3cnc4ccccc43)c2)CO1,Nucleophilic_substitution_with_amine,,
C18704,1,,,,CC(C)C(O)CCl,NCc1cccc(Cn2cnc3ccccc32)c1,CC(C)C(O)CNCc1cccc(Cn2cnc3ccccc32)c1,Nucleophilic_substitution_with_amine,,
C18779,1,,,,N#CCC(O)CCl,NCc1cccc(Cn2cnc3ccccc32)c1,N#CCC(O)CNCc1cccc(Cn2cnc3ccccc32)c1,Nucleophilic_substitution_with_amine,,
C18826,1,,,,CC1OC1CCl,N=C(N)c1cccc(Cn2cnc3ccccc32)c1,CC1OC1CNC(=N)c1cccc(Cn2cnc3ccccc32)c1,Nucleophilic_substitution_with_amine,,
C18827,1,,,,O=C(O)C(O)CCl,NCc1cccc(Cn2cnc3ccccc32)c1,O=C(O)C(O)CNCc1cccc(Cn2cnc3ccccc32)c1,Nucleophilic_substitution_with_amine,,
C18850,1,,,,CC(Cl)C(C)(C)O,NCc1cccc(Cn2cnc3ccccc32)c1,CC(NCc1cccc(Cn2cnc3ccccc32)c1)C(C)(C)O,Nucleophilic_substitution_with_amine,,
C18852,1,,,,CCCC(O)CCl,NCc1cccc(Cn2cnc3ccccc32)c1,CCCC(O)CNCc1cccc(Cn2cnc3ccccc32)c1,Nucleophilic_substitution_with_amine,,
C18891,1,,,,CC(C)(O)CCl,N=C(N)c1cccc(Cn2cnc3ccccc32)c1,CC(C)(O)CNC(=N)c1cccc(Cn2cnc3ccccc32)c1,Nucleophilic_substitution_with_amine,,
C18893,1,,,,CC1(C)OC1CCl,NCc1cccc(Cn2cnc3ccccc32)c1,CC1(C)OC1CNCc1cccc(Cn2cnc3ccccc32)c1,Nucleophilic_substitution_with_amine,,
C18916,1,,,,OC(CF)CCl,N=C(N)c1cccc(Cn2cnc3ccccc32)c1,N=C(NCC(O)CF)c1cccc(Cn2cnc3ccccc32)c1,Nucleophilic_substitution_with_amine,,
C18990,1,,,,NCC(O)CCl,N=C(N)c1cccc(Cn2cnc3ccccc32)c1,N=C(NCC(O)CN)c1cccc(Cn2cnc3ccccc32)c1,Nucleophilic_substitution_with_amine,,
C19017,1,,,,COC(C)CCl,N=C(N)c1cccc(Cn2cnc3ccccc32)c1,COC(C)CNC(=N)c1cccc(Cn2cnc3ccccc32)c1,Nucleophilic_substitution_with_amine,,
C19056,1,,,,ClCC1COCO1,NCc1cccc(Cn2cnc3ccccc32)c1,c1cc(CNCC2COCO2)cc(Cn2cnc3ccccc32)c1,Nucleophilic_substitution_with_amine,,
C19282,1,,,,ClCC1CCCO1,NCc1cccc(Cn2cnc3ccccc32)c1,c1cc(CNCC2CCCO2)cc(Cn2cnc3ccccc32)c1,Nucleophilic_substitution_with_amine,,
C19307,1,,,,OC1CC1Cl,NC(=NO)c1cccc(Cn2cnc3ccccc32)c1,ON=C(NC1CC1O)c1cccc(Cn2cnc3ccccc32)c1,Nucleophilic_substitution_with_amine,,
C19358,1,,,,OCC(O)CCl,N=C(N)c1cccc(Cn2cnc3ccccc32)c1,N=C(NCC(O)CO)c1cccc(Cn2cnc3ccccc32)c1,Nucleophilic_substitution_with_amine,,
C19370,1,,,,CC(O)C(C)Cl,N=C(N)c1cccc(Cn2cnc3ccccc32)c1,CC(O)C(C)NC(=N)c1cccc(Cn2cnc3ccccc32)c1,Nucleophilic_substitution_with_amine,,
C19401,1,,,,CCC(O)CCl,N=C(N)c1cccc(Cn2cnc3ccccc32)c1,CCC(O)CNC(=N)c1cccc(Cn2cnc3ccccc32)c1,Nucleophilic_substitution_with_amine,,
C19588,1,,,,ClCC1CO1,NC(=NO)c1cccc(Cn2cnc3ccccc32)c1,ON=C(NCC1CO1)c1cccc(Cn2cnc3ccccc32)c1,Nucleophilic_substitution_with_amine,,
C19602,1,,,,CC(O)CCl,NC(=NO)c1cccc(Cn2cnc3ccccc32)c1,CC(O)CNC(=NO)c1cccc(Cn2cnc3ccccc32)c1,Nucleophilic_substitution_with_amine,,
C19785,1,,,,N#CCC(O)CCl,N=C(N)c1cccc(Cn2cnc3ccccc32)c1,N#CCC(O)CNC(=N)c1cccc(Cn2cnc3ccccc32)c1,Nucleophilic_substitution_with_amine,,
C19909,1,,,,ClCC1COCO1,N=C(N)c1cccc(Cn2cnc3ccccc32)c1,N=C(NCC1COCO1)c1cccc(Cn2cnc3ccccc32)c1,Nucleophilic_substitution_with_amine,,
C19932,1,,,,ClCC1CCCO1,N=C(N)c1cccc(Cn2cnc3ccccc32)c1,N=C(NCC1CCCO1)c1cccc(Cn2cnc3ccccc32)c1,Nucleophilic_substitution_with_amine,,
C20243,1,,,,CC1(C)OC1CCl,N=C(N)c1cccc(Cn2cnc3ccccc32)c1,CC1(C)OC1CNC(=N)c1cccc(Cn2cnc3ccccc32)c1,Nucleophilic_substitution_with_amine,,
C20492,1,,,,CC(C)C(O)CCl,N=C(N)c1cccc(Cn2cnc3ccccc32)c1,CC(C)C(O)CNC(=N)c1cccc(Cn2cnc3ccccc32)c1,Nucleophilic_substitution_with_amine,,
C20529,1,,,,CCCC(O)CCl,N=C(N)c1cccc(Cn2cnc3ccccc32)c1,CCCC(O)CNC(=N)c1cccc(Cn2cnc3ccccc32)c1,Nucleophilic_substitution_with_amine,,
C20575,1,,,,CC(Cl)C(C)(C)O,N=C(N)c1cccc(Cn2cnc3ccccc32)c1,CC(NC(=N)c1cccc(Cn2cnc3ccccc32)c1)C(C)(C)O,Nucleophilic_substitution_with_amine,,
C20637,1,,,,O=C(O)C(O)CCl,N=C(N)c1cccc(Cn2cnc3ccccc32)c1,N=C(NCC(O)C(=O)O)c1cccc(Cn2cnc3ccccc32)c1,Nucleophilic_substitution_with_amine,,
C22321,1,,,,O=C(O)CC1c2ccccc2-c2ccccc21,Nc1cccc2[nH]ccc12,O=C(CC1c2ccccc2-c2ccccc21)Nc1cccc2[nH]ccc12,Amidation,,
C22332,1,,,,O=C(O)CC1c2ccccc2-c2ccccc21,Nc1cc(Br)cc2[nH]ccc12,O=C(CC1c2ccccc2-c2ccccc21)Nc1cc(Br)cc2[nH]ccc12,Amidation,,
C22335,1,,,,O=C(O)CC1c2ccccc2-c2ccccc21,Nc1c(O)ccc2[nH]ccc12,O=C(CC1c2ccccc2-c2ccccc21)Nc1c(O)ccc2[nH]ccc12,Amidation,,
C22343,1,,,,O=C(O)CC1c2ccccc2-c2ccccc21,Cc1cc2c(N)cccc2[nH]1,Cc1cc2c(NC(=O)CC3c4ccccc4-c4ccccc43)cccc2[nH]1,Amidation,,
C22353,1,,,,O=C(O)CC1c2ccccc2-c2ccccc21,Cn1ccc2c(N)cccc21,Cn1ccc2c(NC(=O)CC3c4ccccc4-c4ccccc43)cccc21,Amidation,,
C22363,1,,,,CC(C(=O)O)C(c1ccccc1)c1ccccc1,Nc1cccc2[nH]ccc12,CC(C(=O)Nc1cccc2[nH]ccc12)C(c1ccccc1)c1ccccc1,Amidation,,
C22372,1,,,,O=C(O)CC(c1ccccc1)c1ccccc1Cl,Nc1cccc2[nH]ccc12,O=C(CC(c1ccccc1)c1ccccc1Cl)Nc1cccc2[nH]ccc12,Amidation,,
C22374,1,,,,O=C(O)CC1c2ccccc2Oc2ccccc21,Nc1cccc2[nH]ccc12,O=C(CC1c2ccccc2Oc2ccccc21)Nc1cccc2[nH]ccc12,Amidation,,
C22378,1,,,,NC(C(=O)O)C(c1ccccc1)c1ccccc1,Nc1cccc2[nH]ccc12,NC(C(=O)Nc1cccc2[nH]ccc12)C(c1ccccc1)c1ccccc1,Amidation,,
C22394,1,,,,O=C(O)CC(c1ccccc1)c1ccccc1,Nc1c(O)ccc2[nH]ccc12,O=C(CC(c1ccccc1)c1ccccc1)Nc1c(O)ccc2[nH]ccc12,Amidation,,
C22403,1,,,,O=C(O)CC(c1ccccc1)c1ccccc1,Cn1ccc2c(N)cccc21,Cn1ccc2c(NC(=O)CC(c3ccccc3)c3ccccc3)cccc21,Amidation,,
C22412,1,,,,O=C(O)CC(c1ccccc1)c1ccccc1,Nc1cc(Br)cc2[nH]ccc12,O=C(CC(c1ccccc1)c1ccccc1)Nc1cc(Br)cc2[nH]ccc12,Amidation,,
C22418,1,,,,O=C(O)CC(c1ccccc1)c1ccccc1,Cc1cc2c(N)cccc2[nH]1,Cc1cc2c(NC(=O)CC(c3ccccc3)c3ccccc3)cccc2[nH]1,Amidation,,
C22566,1,,,,O=C(O)CC1c2ccccc2Oc2ccccc21,Nc1cc(Br)cc2[nH]ccc12,O=C(CC1c2ccccc2Oc2ccccc21)Nc1cc(Br)cc2[nH]ccc12,Amidation,,
C22577,1,,,,O=C(O)CC1c2ccccc2Oc2ccccc21,Cc1cc2c(N)cccc2[nH]1,Cc1cc2c(NC(=O)CC3c4ccccc4Oc4ccccc43)cccc2[nH]1,Amidation,,
C22580,1,,,,O=C(O)CC1c2ccccc2Oc2ccccc21,Cn1ccc2c(N)cccc21,Cn1ccc2c(NC(=O)CC3c4ccccc4Oc4ccccc43)cccc21,Amidation,,
C22583,1,,,,O=C(O)CC1c2ccccc2Oc2ccccc21,Nc1c(O)ccc2[nH]ccc12,O=C(CC1c2ccccc2Oc2ccccc21)Nc1c(O)ccc2[nH]ccc12,Amidation,,
C22825,1,,,,O=C(O)CC(c1ccccc1)c1ccccc1Cl,Cc1cc2c(N)cccc2[nH]1,Cc1cc2c(NC(=O)CC(c3ccccc3)c3ccccc3Cl)cccc2[nH]1,Amidation,,
C22832,1,,,,O=C(O)CC(c1ccccc1)c1ccccc1Cl,Nc1cc(Br)cc2[nH]ccc12,O=C(CC(c1ccccc1)c1ccccc1Cl)Nc1cc(Br)cc2[nH]ccc12,Amidation,,
C22845,1,,,,O=C(O)CC(c1ccccc1)c1ccccc1Cl,Cn1ccc2c(N)cccc21,Cn1ccc2c(NC(=O)CC(c3ccccc3)c3ccccc3Cl)cccc21,Amidation,,
C22848,1,,,,O=C(O)CC(c1ccccc1)c1ccccc1Cl,Nc1c(O)ccc2[nH]ccc12,O=C(CC(c1ccccc1)c1ccccc1Cl)Nc1c(O)ccc2[nH]ccc12,Amidation,,
C23386,1,,,,O=C(O)CC1c2ccccc2-c2ccccc21,COc1ccc2[nH]ccc2c1N,COc1ccc2[nH]ccc2c1NC(=O)CC1c2ccccc2-c2ccccc21,Amidation,,
C23475,1,,,,CC(C(=O)O)C(c1ccccc1)c1ccccc1,Nc1cc(Br)cc2[nH]ccc12,CC(C(=O)Nc1cc(Br)cc2[nH]ccc12)C(c1ccccc1)c1ccccc1,Amidation,,
C23484,1,,,,CC(C(=O)O)C(c1ccccc1)c1ccccc1,Nc1c(O)ccc2[nH]ccc12,CC(C(=O)Nc1c(O)ccc2[nH]ccc12)C(c1ccccc1)c1ccccc1,Amidation,,
C23493,1,,,,CC(C(=O)O)C(c1ccccc1)c1ccccc1,Cc1cc2c(N)cccc2[nH]1,Cc1cc2c(NC(=O)C(C)C(c3ccccc3)c3ccccc3)cccc2[nH]1,Amidation,,
C23647,1,,,,NC(C(=O)O)C(c1ccccc1)c1ccccc1,Nc1cc(Br)cc2[nH]ccc12,NC(C(=O)Nc1cc(Br)cc2[nH]ccc12)C(c1ccccc1)c1ccccc1,Amidation,,
C23652,1,,,,NC(C(=O)O)C(c1ccccc1)c1ccccc1,Cn1ccc2c(N)cccc21,Cn1ccc2c(NC(=O)C(N)C(c3ccccc3)c3ccccc3)cccc21,Amidation,,
C23655,1,,,,NC(C(=O)O)C(c1ccccc1)c1ccccc1,Nc1c(O)ccc2[nH]ccc12,NC(C(=O)Nc1c(O)ccc2[nH]ccc12)C(c1ccccc1)c1ccccc1,Amidation,,
C23664,1,,,,NC(C(=O)O)C(c1ccccc1)c1ccccc1,Cc1cc2c(N)cccc2[nH]1,Cc1cc2c(NC(=O)C(N)C(c3ccccc3)c3ccccc3)cccc2[nH]1,Amidation,,
C23716,1,,,,O=C(O)CC(c1ccccc1)c1ccccc1,COc1ccc2[nH]ccc2c1N,COc1ccc2[nH]ccc2c1NC(=O)CC(c1ccccc1)c1ccccc1,Amidation,,
C23823,1,,,,CC(C(=O)O)C(c1ccccc1)c1ccccc1,Cn1ccc2c(N)cccc21,CC(C(=O)Nc1cccc2c1ccn2C)C(c1ccccc1)c1ccccc1,Amidation,,
C25900,1,,,,O=C(O)CC(c1ccccc1)c1ccccc1Cl,COc1ccc2[nH]ccc2c1N,COc1ccc2[nH]ccc2c1NC(=O)CC(c1ccccc1)c1ccccc1Cl,Amidation,,
C31993,1,,,,Cc1nc2ccccc2n1CCBr,NC1CCC1O,Cc1nc2ccccc2n1CCNC1CCC1O,Nucleophilic_substitution_with_amine,,
C32765,1,,,,Cc1nc2ccccc2n1CCBr,CCC(O)C(C)N,CCC(O)C(C)NCCn1c(C)nc2ccccc21,Nucleophilic_substitution_with_amine,,
C32992,1,,,,Cc1nc2ccccc2n1CCBr,CCC(N)C(C)O,CCC(NCCn1c(C)nc2ccccc21)C(C)O,Nucleophilic_substitution_with_amine,,
C33068,1,,,,Cc1nc2ccccc2n1CCBr,NCCCO,Cc1nc2ccccc2n1CCNCCCO,Nucleophilic_substitution_with_amine,,
C33853,1,,,,Cc1nc2ccccc2n1CCBr,N=C(O)CCN,Cc1nc2ccccc2n1CCNCCC(=N)O,Nucleophilic_substitution_with_amine,,
C33854,1,,,,Cc1nc2ccccc2n1CCBr,OC1=NNCC1,Cc1nc2ccccc2n1CCN1CCC(O)=N1,Nucleophilic_substitution_with_amine,,
C33856,1,,,,Cc1nc2ccccc2n1CCBr,NCC1COC1,Cc1nc2ccccc2n1CCNCC1COC1,Nucleophilic_substitution_with_amine,,
C33859,1,,,,Cc1nc2ccccc2n1CCBr,NCC(F)CO,Cc1nc2ccccc2n1CCNCC(F)CO,Nucleophilic_substitution_with_amine,,
C33862,1,,,,Cc1nc2ccccc2n1CCBr,N=C(N)CCO,Cc1nc2ccccc2n1CCNC(=N)CCO,Nucleophilic_substitution_with_amine,,
C33868,1,,,,Cc1nc2ccccc2n1CCBr,NC1CC(O)C1,Cc1nc2ccccc2n1CCNC1CC(O)C1,Nucleophilic_substitution_with_amine,,
C33872,1,,,,Cc1nc2ccccc2n1CCBr,OC1CCNC1,Cc1nc2ccccc2n1CCN1CCC(O)C1,Nucleophilic_substitution_with_amine,,
C33875,1,,,,Cc1nc2ccccc2n1CCBr,CC(CN)CO,Cc1nc2ccccc2n1CCNCC(C)CO,Nucleophilic_substitution_with_amine,,
C33876,1,,,,Cc1nc2ccccc2n1CCBr,NCCC(=O)O,Cc1nc2ccccc2n1CCNCCC(=O)O,Nucleophilic_substitution_with_amine,,
C33878,1,,,,Cc1nc2ccccc2n1CCBr,OCC1CNC1,Cc1nc2ccccc2n1CCN1CC(CO)C1,Nucleophilic_substitution_with_amine,,
C33882,1,,,,Cc1nc2ccccc2n1CCBr,CC(O)CCN,Cc1nc2ccccc2n1CCNCCC(C)O,Nucleophilic_substitution_with_amine,,
C33883,1,,,,Cc1nc2ccccc2n1CCBr,CC(N)CCO,Cc1nc2ccccc2n1CCNC(C)CCO,Nucleophilic_substitution_with_amine,,
C33884,1,,,,Cc1nc2ccccc2n1CCBr,CNCCCO,Cc1nc2ccccc2n1CCN(C)CCCO,Nucleophilic_substitution_with_amine,,
C33888,1,,,,Cc1nc2ccccc2n1CCBr,NC(=O)CCO,Cc1nc2ccccc2n1CCNC(=O)CCO,Nucleophilic_substitution_with_amine,,
C33890,1,,,,Cc1nc2ccccc2n1CCBr,COCCCN,COCCCNCCn1c(C)nc2ccccc21,Nucleophilic_substitution_with_amine,,
