smiles,0,1
NC(=O)CCc1c[nH]c2ccccc12,A0229a,A0503a
NC(=O)CCn1ccc2ccccc21,A0229a,A0503a
NC(=O)CCc1csc(NC(=O)c2ccc3cc[nH]c3c2)n1,A0229a,A0503a
NC(=O)CCN1C(=O)c2ccccc2C1c1c[nH]c2ccccc12,A0229a,A0503a
NC(=O)CCn1cc(C=O)c2ccccc21,A0229a,A0503a
NC(=O)CCn1cc(C=O)c2ccc(Cl)cc21,A0229a,A0503a
CCCc1cccc2c(C#N)cn(CCC(N)=O)c12,A0229a,A0503a
NC(=O)CCn1ccc2cccc(Cl)c21,A0229a,A0503a
N#Cc1cn(CCC(N)=O)c2c(Cl)cccc12,A0229a,A0503a
CC(=O)c1cn(CCC(N)=O)c2c(Cl)cccc12,A0229a,A0503a
CC(=O)Cc1cn(CCC(N)=O)c2c(Cl)cccc12,A0229a,A0503a
NC(=O)CCn1cc(CC(=O)O)c2cccc(Cl)c21,A0229a,A0503a
COc1cccc2c(C(C)=O)cn(CCC(N)=O)c12,A0229a,A0503a
COc1cccc2c(C#N)cn(CCC(N)=O)c12,A0229a,A0503a
NC(=O)CCn1cc(-c2ccc3[nH]c(C(F)(F)F)cc3c2)cn1,A0229a,A0503a
Cn1c(-c2cnn(CCC(N)=O)c2)cc2ccccc21,A0229a,A0503a
NC(=O)CCn1ccc(NC(=O)CCc2c[nH]c3ccccc23)n1,A0229a,A0503a
NC(=O)CCn1ccc(NC(=O)Nc2ccc3[nH]ccc3c2)n1,A0229a,A0503a
NC(=O)CCn1ccc(NC(=O)Nc2c[nH]c3ccccc23)n1,A0229a,A0503a
NC(=O)CCn1ccc(NCc2cc3ccccc3[nH]2)n1,A0229a,A0503a
NC(=O)CCn1ccc(NCc2cccc3[nH]ccc23)n1,A0229a,A0503a
NC(=O)CCn1ccc2c(Cl)cccc21,A0229a,A0503a
N#Cc1cn(CCC(N)=O)c2cccc(Cl)c12,A0229a,A0503a
CNCc1cn(CCC(N)=O)c2cccc(Cl)c12,A0229a,A0503a
CCNCc1cn(CCC(N)=O)c2cccc(Cl)c12,A0229a,A0503a
CC(=O)Cc1cn(CCC(N)=O)c2cccc(Cl)c12,A0229a,A0503a
NC(=O)CCn1cc(CC(=O)O)c2c(Cl)cccc21,A0229a,A0503a
Cn1c(-c2cnn(CCC(N)=O)c2)cc2ccccc21,A0229a,A0503a
NC(=O)CCn1ccc(NC(=O)Nc2ccc3[nH]ccc3c2)n1,A0229a,A0503a
NC(=O)CCn1cc(C=NN2C(=O)C3C4C=CC(C4)C3C2=O)c2ccccc21,A0229a,A0503a
CC(=O)c1cn(CCC(N)=O)c2c(C)cccc12,A0229a,A0503a
Cc1cccc2c(CC(=O)O)cn(CCC(N)=O)c12,A0229a,A0503a
Cc1cccc2c(C#N)cn(CCC(N)=O)c12,A0229a,A0503a
CC(=O)Cc1cn(CCC(N)=O)c2c(C)cccc12,A0229a,A0503a
Cc1cccc2c(CO)cn(CCC(N)=O)c12,A0229a,A0503a
NC(=O)CCn1cc(CO)c2ccccc21,A0229a,A0503a
Cc1cccc2c(CO)cn(CCC(N)=O)c12,A0229a,A0503a
NC(=O)CCn1cc(CO)c2cc(Cl)ccc21,A0229a,A0503a
NC(=O)CCn1cc(CO)c2ccc(Cl)cc21,A0229a,A0503a
CCOc1cccc2c(CO)cn(CCC(N)=O)c12,A0229a,A0503a
CCOc1cccc2c(CO)cn(CCC(N)=O)c12,A0229a,A0503a
CC(=O)Cc1cn(CCC(N)=O)c2c(C)cccc12,A0229a,A0503a
CC(=O)Cc1cn(CCC(N)=O)c2cc(C)ccc12,A0229a,A0503a
CC(=O)Cc1cn(CCC(N)=O)c2cc(Cl)ccc12,A0229a,A0503a
CC(=O)Cc1cn(CCC(N)=O)c2cccc(Cl)c12,A0229a,A0503a
CC(=O)Cc1cn(CCC(N)=O)c2cccc(F)c12,A0229a,A0503a
CC(=O)Cc1cn(CCC(N)=O)c2c(Cl)cccc12,A0229a,A0503a
CC(=O)Cc1cn(CCC(N)=O)c2ccc(C)cc12,A0229a,A0503a
CC(=O)Cc1cn(CCC(N)=O)c2cccc(C)c12,A0229a,A0503a
CC(=O)Cc1cn(CCC(N)=O)c2cc(F)ccc12,A0229a,A0503a
CC(=O)Cc1cn(CCC(N)=O)c2ccc(Cl)cc12,A0229a,A0503a
CC(=O)Cc1cn(CCC(N)=O)c2ccc(F)cc12,A0229a,A0503a
NC(=O)CCn1ccc2ccc(Cl)cc21,A0229a,A0503a
CC(=O)Cc1cn(CCC(N)=O)c2cc(Cl)ccc12,A0229a,A0503a
NC(=O)CCn1cc(CO)c2ccc(Cl)cc21,A0229a,A0503a
NC(=O)CCn1cc(C=O)c2ccc(Cl)cc21,A0229a,A0503a
N#Cc1cn(CCC(N)=O)c2cc(Cl)ccc12,A0229a,A0503a
NC(=O)CCc1csc(NC(=O)Cc2ccc3[nH]ccc3c2)n1,A0229a,A0503a
NC(=O)CCn1cc(S(=O)(=O)Cl)c2ccccc21,A0229a,A0503a
NC(=O)CCn1ccc2cc(F)ccc21,A0229a,A0503a
N#Cc1cn(CCC(N)=O)c2ccc(F)cc12,A0229a,A0503a
CNCc1cn(CCC(N)=O)c2ccc(F)cc12,A0229a,A0503a
CC(=O)c1cn(CCC(N)=O)c2ccc(F)cc12,A0229a,A0503a
CC(C)NCc1cn(CCC(N)=O)c2ccc(F)cc12,A0229a,A0503a
N#CCC(=O)c1cn(CCC(N)=O)c2ccc(F)cc12,A0229a,A0503a
NC(=O)CCn1cc(CC(=O)O)c2cc(F)ccc21,A0229a,A0503a
NC(=O)CCn1cc(C(=O)C(=O)O)c2cc(F)ccc21,A0229a,A0503a
CCCNCc1cn(CCC(N)=O)c2ccc(F)cc12,A0229a,A0503a
CCNCc1cn(CCC(N)=O)c2ccc(F)cc12,A0229a,A0503a
CC(=O)Cc1cn(CCC(N)=O)c2ccc(F)cc12,A0229a,A0503a
NC(=O)CCn1cc(C(=O)C(=O)O)c2ccccc21,A0229a,A0503a
NC(=O)CCn1cc(C(=O)C(=O)O)c2cc(F)ccc21,A0229a,A0503a
NC(=O)CCn1cc(C(=O)C(=O)O)c2c(F)cccc21,A0229a,A0503a
NC(=O)CCn1cc(C(=O)C(=O)O)c2ccc(F)cc21,A0229a,A0503a
NC(=O)CCc1nc(-c2cccc3[nH]ccc23)no1,A0229a,A0503a
NC(=O)CCn1ccc2c(F)cccc21,A0229a,A0503a
N#Cc1cn(CCC(N)=O)c2cccc(F)c12,A0229a,A0503a
NC(=O)CCn1cc(C(=O)C(=O)O)c2c(F)cccc21,A0229a,A0503a
N#CCC(=O)c1cn(CCC(N)=O)c2cccc(F)c12,A0229a,A0503a
NC(=O)CCn1cc(CC(=O)O)c2c(F)cccc21,A0229a,A0503a
CC(=O)Cc1cn(CCC(N)=O)c2cccc(F)c12,A0229a,A0503a
NC(=O)CCn1ccc2cc(Cl)ccc21,A0229a,A0503a
CC(=O)c1cn(CCC(N)=O)c2ccc(Cl)cc12,A0229a,A0503a
CNCc1cn(CCC(N)=O)c2ccc(Cl)cc12,A0229a,A0503a
CC(=O)Cc1cn(CCC(N)=O)c2ccc(Cl)cc12,A0229a,A0503a
CCNCc1cn(CCC(N)=O)c2ccc(Cl)cc12,A0229a,A0503a
NC(=O)CCn1cc(CC(=O)O)c2cc(Cl)ccc21,A0229a,A0503a
NC(=O)CCn1cc(CO)c2cc(Cl)ccc21,A0229a,A0503a
NC(=O)CCc1ccc(NC(=O)c2cc3ccccc3[nH]2)cc1,A0229a,A0503a
NC(=O)CCN1CCC(NC(=O)c2cc3ccccc3[nH]2)CC1,A0229a,A0503a
N#Cc1cn(CCC(N)=O)c2ccccc12,A0229a,A0503a
Cc1cccc2c1c(C#N)cn2CCC(N)=O,A0229a,A0503a
N#Cc1cn(CCC(N)=O)c2ccc(F)cc12,A0229a,A0503a
COc1ccc2c(c1)c(C#N)cn2CCC(N)=O,A0229a,A0503a
N#Cc1cn(CCC(N)=O)c2cccc(Cl)c12,A0229a,A0503a
N#Cc1cn(CCC(N)=O)c2cc(F)ccc12,A0229a,A0503a
COc1cccc2c(C#N)cn(CCC(N)=O)c12,A0229a,A0503a
Cc1ccc2c(c1)c(C#N)cn2CCC(N)=O,A0229a,A0503a
Cc1cccc2c(C#N)cn(CCC(N)=O)c12,A0229a,A0503a
CC(C)c1ccc2c(C#N)cn(CCC(N)=O)c2c1,A0229a,A0503a
CC(O)CNCc1c[nH]c2ccccc12,A0759a,A0229a
CNC(c1c[nH]c2ccccc12)C(C)O,A0759a,A0229a
CNCC(C)(O)c1c[nH]c2ccccc12,A0759a,A0229a
CC(O)CNCC1CCN(C(=O)Cc2c[nH]c3ccccc23)CC1,A0759a,A0229a
CC(O)CNCC1CCCN1C(=O)Cc1c[nH]c2ccccc12,A0759a,A0229a
CN1CCC(C(C)(O)CNCc2c[nH]c3ccccc23)CC1,A0759a,A0229a
CC(O)(CNCc1c[nH]c2ccccc12)c1cccs1,A0759a,A0229a
CC(CNCc1c[nH]c2ccccc12)Oc1ccccc1,A0759a,A0229a
OC(CNCc1c[nH]c2ccccc12)Cc1ccc(F)cc1,A0759a,A0229a
OC(CNCc1c[nH]c2ccccc12)Cc1cccc(Cl)c1,A0759a,A0229a
CC(O)CNCC1CCCN1C(=O)CCc1c[nH]c2ccccc12,A0759a,A0229a
OC(CNCc1c[nH]c2ccccc12)CN1CCCC1,A0759a,A0229a
CC(O)C(NCc1c[nH]c2ccccc12)c1ccccc1,A0759a,A0229a
OC(CNCc1c[nH]c2ccccc12)CC1(O)CCOC1,A0759a,A0229a
OC(CNCc1c[nH]c2ccccc12)Cc1cccc(Cl)c1,A0759a,A0229a
CC(O)CNCC1CCN(C(=O)c2c[nH]c3ccccc23)CC1,A0759a,A0229a
CC(O)CNCC1CCN(C(=O)Cc2c[nH]c3ccccc23)CC1,A0759a,A0229a
CC(O)CNCC1CCN(C(=O)c2c[nH]c3ccccc23)CC1,A0759a,A0229a
CC(O)CNCC1CCCN1C(=O)c1c[nH]c2ccccc12,A0759a,A0229a
CN1CCC(C(C)(O)CNCc2c[nH]c3ccccc23)CC1,A0759a,A0229a
OC(CNCc1c[nH]c2ccccc12)CC1(O)CCOC1,A0759a,A0229a
CC(O)CNCC1CCCN1C(=O)c1c[nH]c2ccccc12,A0759a,A0229a
CC(O)CNCC1CCCN1C(=O)CCc1c[nH]c2ccccc12,A0759a,A0229a
CC(O)CNCC1CCCN1C(=O)Cc1c[nH]c2ccccc12,A0759a,A0229a
OC(CNCc1c[nH]c2ccccc12)Cc1ccc(F)cc1,A0759a,A0229a
CC(O)CNCc1ccc2[nH]ccc2c1,A0759a,A0229a
CNCC(C)(O)c1ccc2[nH]ccc2c1,A0759a,A0229a
CC1CCN(CC(O)CN(C)c2ccc3[nH]ccc3c2)CC1,A0759a,A0229a
CC1(CC(O)CNCc2ccc3[nH]ccc3c2)CCCO1,A0759a,A0229a
CC1CCN(CC(O)CN(C)c2ccc3[nH]ccc3c2)CC1,A0759a,A0229a
CNCC(O)Cn1cc(-c2ccc3[nH]ccc3c2)nn1,A0759a,A0229a
CC(CNCc1ccc2[nH]ccc2c1)Oc1ccc(F)cc1,A0759a,A0229a
OC(CNCc1ccc2[nH]ccc2c1)Cc1ccccc1,A0759a,A0229a
OC(CNCc1ccc2[nH]ccc2c1)Cc1ccccc1F,A0759a,A0229a
CN(CC(O)Cc1cccc(F)c1)c1ccc2[nH]ccc2c1,A0759a,A0229a
CC(O)CNCC1CCN(C(=O)CCc2ccc3[nH]ccc3c2)CC1,A0759a,A0229a
CC(O)CNCC1CCCN1C(=O)CCc1ccc2[nH]ccc2c1,A0759a,A0229a
CC1(CC(O)CNCc2ccc3[nH]ccc3c2)CCCO1,A0759a,A0229a
O=C1CCCN1CC(O)CNCc1ccc2[nH]ccc2c1,A0759a,A0229a
CC(O)CNCC1CCN(C(=O)c2ccc3[nH]ccc3c2)CC1,A0759a,A0229a
CC(O)CNCC1CCN(C(=O)CCc2ccc3[nH]ccc3c2)CC1,A0759a,A0229a
CC(O)CNCC1CCN(C(=O)c2ccc3[nH]ccc3c2)CC1,A0759a,A0229a
CC(O)CNCC1CCCN1C(=O)CCc1ccc2[nH]ccc2c1,A0759a,A0229a
CC(O)(CNCc1ccc2[nH]ccc2c1)c1ccccc1Br,A0759a,A0229a
CC(O)(CNCc1ccc2[nH]ccc2c1)c1ccccc1,A0759a,A0229a
CC(O)(CNCc1ccc2[nH]ccc2c1)c1ccccc1Br,A0759a,A0229a
CC(O)(CNCc1ccc2[nH]ccc2c1)c1cccc(F)c1,A0759a,A0229a
CN(CC(O)Cc1cccc(F)c1)c1ccc2[nH]ccc2c1,A0759a,A0229a
CC(CNCc1ccc2[nH]ccc2c1)Oc1ccc(F)cc1,A0759a,A0229a
CC(O)(CNCc1ccc2[nH]ccc2c1)c1cccc(F)c1,A0759a,A0229a
OC(CNCc1ccc2[nH]ccc2c1)Cc1ccccc1F,A0759a,A0229a
CCC(=O)Nc1c[nH]c2ccccc12,A0503a,A0229a
NC(=O)CCc1c[nH]c2ccccc12,A0503a,A0229a
CC(CO)C(=O)N1CC(NC(=O)C(C)c2c[nH]c3ccccc23)C1,A0503a,A0229a
CCC(=O)N1CC(NC(=O)C(C)c2c[nH]c3ccccc23)C1,A0503a,A0229a
O=C(CCc1c[nH]c2ccccc12)NC1CN(c2ccccn2)C1,A0503a,A0229a
CC(O)C(=O)N1CC(NC(=O)C(C)c2c[nH]c3ccccc23)C1,A0503a,A0229a
O=C(CCc1c[nH]c2ccccc12)Nc1ccc(S(=O)(=O)N=C2CCCCCN2)cc1,A0503a,A0229a
CCC(C)c1ccccc1NC(=O)CCc1c[nH]c2ccccc12,A0503a,A0229a
CCC(C)c1csc(NC(=O)CCc2c[nH]c3ccccc23)n1,A0503a,A0229a
CCCCN1CCC(NC(=O)CCc2c[nH]c3ccccc23)CC1,A0503a,A0229a
CCCCN1CCC(NC(=O)CCc2c[nH]c3ccccc23)C1,A0503a,A0229a
CCCCc1ccc(NC(=O)CCc2c[nH]c3ccccc23)cc1,A0503a,A0229a
CCCCc1nnc(NC(=O)CCc2c[nH]c3ccccc23)s1,A0503a,A0229a
O=C(CCc1c[nH]c2ccccc12)Nc1n[nH]cc1C1CC1,A0503a,A0229a
O=C(CCc1c[nH]c2ccccc12)Nc1cnn(C2CC2)c1,A0503a,A0229a
O=C(CCc1c[nH]c2ccccc12)Nc1nc(C2CC2)n[nH]1,A0503a,A0229a
O=C(CCc1c[nH]c2ccccc12)NC1CC2COC(C3CC3)CN2C1,A0503a,A0229a
O=C(CCc1c[nH]c2ccccc12)Nc1nnc(C2CC2)s1,A0503a,A0229a
O=C(CCc1c[nH]c2ccccc12)NC1CCC1C1CC1,A0503a,A0229a
CC(C(=O)Nc1c[nH]c2ccccc12)n1ccc(C2CC2)n1,A0503a,A0229a
O=C(CCc1c[nH]c2ccccc12)Nc1ccc2c(c1)Sc1ccccc1C(=O)N2C1CC1,A0503a,A0229a
O=C(CCc1c[nH]c2ccccc12)NC1CCN(C2CC2)CC1,A0503a,A0229a
O=C(CCc1c[nH]c2ccccc12)Nc1n[nH]c(C2CC2)n1,A0503a,A0229a
O=C(CCc1c[nH]c2ccccc12)Nc1cnoc1C1CC1,A0503a,A0229a
O=C(CCc1c[nH]c2ccccc12)Nc1nncn1C1CC1,A0503a,A0229a
O=C(CCc1c[nH]c2ccccc12)Nc1nc(C2CC2)cs1,A0503a,A0229a
CSc1ccc(NC(=O)CCc2c[nH]c3ccccc23)cc1,A0503a,A0229a
CSc1c[nH]nc1NC(=O)CCc1c[nH]c2ccccc12,A0503a,A0229a
CSc1ccccc1NC(=O)CCc1c[nH]c2ccccc12,A0503a,A0229a
CSc1nsc(NC(=O)CCc2c[nH]c3ccccc23)n1,A0503a,A0229a
CSC1CCC(NC(=O)CCc2c[nH]c3ccccc23)C1,A0503a,A0229a
CSc1cccc(NC(=O)CCc2c[nH]c3ccccc23)c1,A0503a,A0229a
CC(C(N)=O)N1CCC(CNC(=O)CCc2c[nH]c3ccccc23)C1,A0503a,A0229a
CNC(=O)C(C)N1CCC(NC(=O)CCc2c[nH]c3ccccc23)C1,A0503a,A0229a
O=C(CCc1c[nH]c2ccccc12)NC1C2CN3CCN(C2)CC1(c1ccccc1)C3,A0503a,A0229a
CCOC(=O)Cc1csc(NC(=O)CCc2c[nH]c3ccccc23)n1,A0503a,A0229a
O=C(CCc1c[nH]c2ccccc12)NC1CCN(C2CCNC2=O)C1,A0503a,A0229a
O=C(CCc1c[nH]c2ccccc12)Nc1ccc(N2CCCC2=O)cc1,A0503a,A0229a
O=C(CCc1c[nH]c2ccccc12)Nc1cccc(N2CCCC2=O)c1,A0503a,A0229a
O=C(CCc1c[nH]c2ccccc12)Nc1ccccc1N1CCCC1=O,A0503a,A0229a
O=C(CCc1c[nH]c2ccccc12)Nc1cccc(-c2nnc3n2CCCCC3)c1,A0503a,A0229a
O=C(CCc1c[nH]c2ccccc12)Nc1ccc(-c2nnc3n2CCCCC3)cc1,A0503a,A0229a
CCc1cc(NC(=O)CCc2c[nH]c3ccccc23)[nH]n1,A0503a,A0229a
Cc1cn[nH]c1NC(=O)CCc1c[nH]c2ccccc12,A0503a,A0229a
O=C(CCc1c[nH]c2ccccc12)Nc1ccnn1C1CCCC1,A0503a,A0229a
O=C(CCc1c[nH]c2ccccc12)Nc1ccnn1C1COC1,A0503a,A0229a
CC(C)c1cc(NC(=O)CCc2c[nH]c3ccccc23)[nH]n1,A0503a,A0229a
Cc1cc(NC(=O)CCc2c[nH]c3ccccc23)[nH]n1,A0503a,A0229a
O=C(CCc1c[nH]c2ccccc12)Nc1cc(C(F)(F)F)n[nH]1,A0503a,A0229a
O=C(CCc1c[nH]c2ccccc12)NC1CNCCC12CCC2,A0503a,A0229a
O=C(CCc1c[nH]c2ccccc12)NC1CCN(CCF)C1,A0503a,A0229a
O=C(CCc1c[nH]c2ccccc12)NC1(CCF)CCC1,A0503a,A0229a
O=C(CCc1c[nH]c2ccccc12)NC1COC2(CCNCC2)C1,A0503a,A0229a
O=C(CCc1c[nH]c2ccccc12)Nc1ccc(-n2cccc2)cc1,A0503a,A0229a
Cn1cccc(NC(=O)CCc2c[nH]c3ccccc23)c1=O,A0503a,A0229a
O=C(CCc1c[nH]c2ccccc12)Nc1cc(C(F)(F)F)c[nH]c1=O,A0503a,A0229a
O=C(CCc1c[nH]c2ccccc12)Nc1ccc2c(c1)NC(=O)CO2,A0503a,A0229a
CC(C)CC(=O)N1CCC(NC(=O)CCc2c[nH]c3ccccc23)C1,A0503a,A0229a
CC(=O)Nc1cccc(NC(=O)CCc2c[nH]c3ccccc23)c1,A0503a,A0229a
NC(=O)CCc1csc(NC(=O)Cc2c[nH]c3ccccc23)n1,A0503a,A0229a
CC(=O)Nc1ccc(NC(=O)CCc2c[nH]c3ccccc23)cc1,A0503a,A0229a
CC(C(N)=O)N1CCC(NC(=O)Cc2c[nH]c3ccccc23)C1,A0503a,A0229a
CC(C(N)=O)N1CCC(NC(=O)Cc2c[nH]c3ccccc23)CC1,A0503a,A0229a
NC(=O)Cc1ccc(NC(=O)CCc2c[nH]c3ccccc23)cc1,A0503a,A0229a
CC(=O)NC1CC(NC(=O)C(C)c2c[nH]c3ccccc23)C1,A0503a,A0229a
CC(=O)NC1CCC(NC(=O)CCc2c[nH]c3ccccc23)CC1,A0503a,A0229a
CCC(=O)NC1CCC(NC(=O)Cc2c[nH]c3ccccc23)CC1,A0503a,A0229a
NC(=O)CC1(NC(=O)CCc2c[nH]c3ccccc23)CCC1,A0503a,A0229a
NC(=O)CN1CCC(NC(=O)CCc2c[nH]c3ccccc23)CC1,A0503a,A0229a
NC(=O)CN1CCC(NC(=O)CCc2c[nH]c3ccccc23)C1,A0503a,A0229a
CC(=O)Nc1ccc2nc(NC(=O)CCc3c[nH]c4ccccc34)sc2c1,A0503a,A0229a
O=C(CCn1[nH]c(=O)ccc1=O)Nc1nc(-c2c[nH]c3ccccc23)cs1,A0503a,A0229a
NC(=O)CCn1nnc(Cc2c[nH]c3ccccc23)n1,A0503a,A0229a
O=C(CCc1c[nH]c2ccccc12)NC1CCCNC1=O,A0503a,A0229a
COC(=O)c1ccc(CCC(=O)Nc2c[nH]c3ccccc23)[nH]1,A0503a,A0229a
O=C(CCc1c[nH]c2ccccc12)Nc1nc(-c2ccc3ccccc3c2)cs1,A0503a,A0229a
CC(C)OCCN1CCC(NC(=O)CCc2c[nH]c3ccccc23)C1,A0503a,A0229a
CC1=CC(NC(=O)CCc2c[nH]c3ccccc23)CCC1,A0503a,A0229a
O=C(CCc1c[nH]c2ccccc12)Nc1cnns1,A0503a,A0229a
O=C(CCc1c[nH]c2ccccc12)Nn1cnnc1S,A0503a,A0229a
CNC(=O)Cn1cc(NC(=O)CCc2c[nH]c3ccccc23)cn1,A0503a,A0229a
CCn1cc(NC(=O)CCc2c[nH]c3ccccc23)cn1,A0503a,A0229a
Cn1cc(NC(=O)CCc2c[nH]c3ccccc23)cn1,A0503a,A0229a
CC(C)n1cc(NC(=O)CCc2c[nH]c3ccccc23)cn1,A0503a,A0229a
O=C(CCc1c[nH]c2ccccc12)Nc1cnn(-c2ncccn2)c1,A0503a,A0229a
O=C(CCc1c[nH]c2ccccc12)Nc1cnn(C2CC2)c1,A0503a,A0229a
O=C(CCc1ccccc1)Nc1c[nH]c2ccccc12,A0503a,A0229a
O=C(CCc1ccc(CO)cc1)Nc1c[nH]c2ccccc12,A0503a,A0229a
O=C(CCc1ccccc1)Nc1nc(-c2c[nH]c3ccccc23)cs1,A0503a,A0229a
NCc1ccccc1CCC(=O)Nc1c[nH]c2ccccc12,A0503a,A0229a
CN(C)c1cccc(CCC(=O)Nc2c[nH]c3ccccc23)c1,A0503a,A0229a
O=C(CCc1ccccc1F)Nc1c[nH]c2ccccc12,A0503a,A0229a
Cc1cccc(CCC(=O)Nc2c[nH]c3ccccc23)c1,A0503a,A0229a
O=C(CCc1c[nH]c2ccccc12)NC1CCSc2ccccc21,A0503a,A0229a
O=C(CCc1c[nH]c2ccccc12)NC1CCSc2c(F)cccc21,A0503a,A0229a
O=C(CCN1CSCCSC1)Nc1c[nH]c2ccccc12,A0503a,A0229a
O=C(CCc1c[nH]c2ccccc12)Nc1ccc(F)cn1,A0503a,A0229a
O=C(CCc1c[nH]c2ccccc12)Nc1nc2ccc(F)cc2s1,A0503a,A0229a
O=C(CCc1c[nH]c2ccccc12)Nc1ccccc1F,A0503a,A0229a
O=C(CCc1c[nH]c2ccccc12)NC1CCCc2ccc(F)cc21,A0503a,A0229a
CCC(=O)Nc1ccc2[nH]ccc2c1,A0503a,A0229a
NC(=O)N1CC(NC(=O)CCc2ccc3[nH]ccc3c2)C1,A0503a,A0229a
O=C(CCc1ccc2[nH]ccc2c1)NC1CN(C2COC2)C1,A0503a,A0229a
O=C(CCc1ccc2[nH]ccc2c1)NC1CN(CC(F)F)C1,A0503a,A0229a
CCC(=O)NC1CN(C(=O)NCc2ccc3[nH]ccc3c2)C1,A0503a,A0229a
CCC(=O)NC1CN(C(=O)C(=O)Nc2ccc3[nH]ccc3c2)C1,A0503a,A0229a
CC(C)(O)CN1CC(NC(=O)CCc2ccc3[nH]ccc3c2)C1,A0503a,A0229a
CCC(C)n1nccc1NC(=O)CCc1ccc2[nH]ccc2c1,A0503a,A0229a
CCCCN1CCC(NC(=O)CCc2ccc3[nH]ccc3c2)CC1,A0503a,A0229a
CCCCn1nccc1NC(=O)CCc1ccc2[nH]ccc2c1,A0503a,A0229a
O=C(CCc1ccc2[nH]ccc2c1)Nc1nnc(C2CC2)s1,A0503a,A0229a
O=C(CCc1ccc2[nH]ccc2c1)NC1CC(C2CC2)C1,A0503a,A0229a
O=C(CCc1ccc2[nH]ccc2c1)NC1CCC1C1CC1,A0503a,A0229a
O=C(CCc1ccc2[nH]ccc2c1)NC1CC(=O)N(C2CC2)C1,A0503a,A0229a
O=C(CCc1ccc2[nH]ccc2c1)NC1COC(C2CC2)C1,A0503a,A0229a
O=C(CCc1ccc2[nH]ccc2c1)NC1CCNC(C2CC2)C1,A0503a,A0229a
O=C(CCc1ccc2[nH]ccc2c1)Nc1nccnc1C1CC1,A0503a,A0229a
CSc1ccc(NC(=O)CCc2ccc3[nH]ccc3c2)cc1,A0503a,A0229a
CSc1ccc(CCC(=O)Nc2ccc3[nH]ccc3c2)cc1,A0503a,A0229a
CSC1CCCC1NC(=O)CCc1ccc2[nH]ccc2c1,A0503a,A0229a
CSc1nsc(NC(=O)CCc2ccc3[nH]ccc3c2)n1,A0503a,A0229a
CSc1cccc(NC(=O)CCc2ccc3[nH]ccc3c2)c1,A0503a,A0229a
CCC(=O)NC1CC1CNC(=O)CCc1ccc2[nH]ccc2c1,A0503a,A0229a
CCC(=O)NCC1CC1NC(=O)CCc1ccc2[nH]ccc2c1,A0503a,A0229a
CCC(=O)NC1CC(N(C)C(=O)CCc2ccc3[nH]ccc3c2)C1,A0503a,A0229a
O=C(CCc1ccc2[nH]ccc2c1)Nc1ccsn1,A0503a,A0229a
O=C(CCc1ccc2[nH]ccc2c1)NC1CCN(C2CCNC2=O)C1,A0503a,A0229a
CC(C(=O)Nc1ccc2[nH]ccc2c1)n1nnc2ccccc2c1=O,A0503a,A0229a
CCC(C)n1nccc1NC(=O)CCc1ccc2[nH]ccc2c1,A0503a,A0229a
CCCCn1nccc1NC(=O)CCc1ccc2[nH]ccc2c1,A0503a,A0229a
Cc1cc(NC(=O)CCc2ccc3[nH]ccc3c2)[nH]n1,A0503a,A0229a
O=C(CCc1ccc2[nH]ccc2c1)Nc1cc(C(F)(F)F)n[nH]1,A0503a,A0229a
O=C(CCc1ccc2[nH]ccc2c1)Nn1ccnn1,A0503a,A0229a
O=C(CCc1ccc2[nH]ccc2c1)NC1CCN(CCF)CC1,A0503a,A0229a
O=C(CCc1ccc2[nH]ccc2c1)NC1CCN(CCF)C1,A0503a,A0229a
O=C(CCc1ccc2[nH]ccc2c1)NC1CCCN(CCF)C1,A0503a,A0229a
O=C(CCc1ccc2[nH]ccc2c1)NC1(CCF)CCC1,A0503a,A0229a
O=C(CCc1ccc2[nH]ccc2c1)Nc1cnn(CCF)c1,A0503a,A0229a
O=C(CCC1CCCCCC1)Nc1ccc2[nH]ccc2c1,A0503a,A0229a
O=C(CCN1CCOCC1)Nc1ccc2[nH]ccc2c1,A0503a,A0229a
O=C(CCc1ccc2[nH]ccc2c1)Nc1ccc2nonc2c1,A0503a,A0229a
CC(C)CC(=O)N1CCC(NC(=O)CCc2ccc3[nH]ccc3c2)C1,A0503a,A0229a
CCC(=O)NC1CCCC1NC(=O)Cc1ccc2[nH]ccc2c1,A0503a,A0229a
NC(=O)CCc1csc(NC(=O)Cc2ccc3[nH]ccc3c2)n1,A0503a,A0229a
NC(=O)Cc1ccc(NC(=O)CCc2ccc3[nH]ccc3c2)cc1,A0503a,A0229a
CC(=O)NC1CCC(NC(=O)CCc2ccc3[nH]ccc3c2)CC1,A0503a,A0229a
NC(=O)CC1(NC(=O)CCc2ccc3[nH]ccc3c2)CCC1,A0503a,A0229a
NC(=O)CN1CCC(NC(=O)CCc2ccc3[nH]ccc3c2)CC1,A0503a,A0229a
O=C(CCC1CCCN1)Nc1ccc2[nH]ccc2c1,A0503a,A0229a
CC1CCNC(=O)C1NC(=O)CCc1ccc2[nH]ccc2c1,A0503a,A0229a
O=C(CCc1ccc2[nH]ccc2c1)NC1CCCN(O)C1=O,A0503a,A0229a
O=C(CCc1ccc(-c2ccccc2)[nH]1)Nc1ccc2[nH]ccc2c1,A0503a,A0229a
O=C(CCc1ccc2[nH]ccc2c1)NC1CCCC=C1Br,A0503a,A0229a
O=C(CCc1ccc2[nH]ccc2c1)Nc1cnns1,A0503a,A0229a
O=C(CCC1CCCCO1)Nc1ccc2[nH]ccc2c1,A0503a,A0229a
CC(C(=O)Nc1ccc2[nH]ccc2c1)C1CC1,A0503a,A0229a
O=C(CCc1ccc2[nH]ccc2c1)Nc1c[nH]nc1Cl,A0503a,A0229a
Cn1cc(NC(=O)CCc2ccc3[nH]ccc3c2)cn1,A0503a,A0229a
O=C(CCc1ccc2[nH]ccc2c1)Nc1cnn(CCF)c1,A0503a,A0229a
CS(=O)(=O)n1cc(NC(=O)CCc2ccc3[nH]ccc3c2)cn1,A0503a,A0229a
O=C(CCc1ccccc1)Nc1ccc2[nH]ccc2c1,A0503a,A0229a
CCCOc1ccc(CCC(=O)Nc2ccc3[nH]ccc3c2)cc1,A0503a,A0229a
CC(C)c1ccc(CCC(=O)Nc2ccc3[nH]ccc3c2)cc1,A0503a,A0229a
NC(=O)c1ccccc1CCC(=O)Nc1ccc2[nH]ccc2c1,A0503a,A0229a
CC(C)Cc1ccc(CCC(=O)Nc2ccc3[nH]ccc3c2)cc1,A0503a,A0229a
COc1ccc(CCC(=O)Nc2ccc3[nH]ccc3c2)cc1,A0503a,A0229a
O=C(CCc1ccccc1OC(F)(F)F)Nc1ccc2[nH]ccc2c1,A0503a,A0229a
O=C(CCc1ccccc1Br)Nc1ccc2[nH]ccc2c1,A0503a,A0229a
CS(=O)(=O)c1ccc(CCC(=O)Nc2ccc3[nH]ccc3c2)cc1,A0503a,A0229a
COc1cccc(CCC(=O)Nc2ccc3[nH]ccc3c2)c1,A0503a,A0229a
Cc1ccc(CCC(=O)Nc2ccc3[nH]ccc3c2)cc1,A0503a,A0229a
CSc1ccc(CCC(=O)Nc2ccc3[nH]ccc3c2)cc1,A0503a,A0229a
O=C(CCc1cccc(Cl)c1)Nc1ccc2[nH]ccc2c1,A0503a,A0229a
COC(=O)c1ccc(CCC(=O)Nc2ccc3[nH]ccc3c2)cc1,A0503a,A0229a
O=C(CCc1ccc(Br)cc1)Nc1ccc2[nH]ccc2c1,A0503a,A0229a
CNC(=O)c1cccc(CCC(=O)Nc2ccc3[nH]ccc3c2)c1,A0503a,A0229a
CCOc1ccccc1CCC(=O)Nc1ccc2[nH]ccc2c1,A0503a,A0229a
CCc1ccc(CCC(=O)Nc2ccc3[nH]ccc3c2)cc1,A0503a,A0229a
O=C(CCc1ccc(F)cc1)Nc1ccc2[nH]ccc2c1,A0503a,A0229a
O=C(CCc1ccc(Cl)cc1)Nc1ccc2[nH]ccc2c1,A0503a,A0229a
CCOc1ccc(CCC(=O)Nc2ccc3[nH]ccc3c2)cc1,A0503a,A0229a
O=C(CCc1ccccc1N1CCOCC1)Nc1ccc2[nH]ccc2c1,A0503a,A0229a
N#Cc1ccc(CCC(=O)Nc2ccc3[nH]ccc3c2)cc1,A0503a,A0229a
O=C(CCc1cccc(Br)c1)Nc1ccc2[nH]ccc2c1,A0503a,A0229a
CCOc1cccc(CCC(=O)Nc2ccc3[nH]ccc3c2)c1,A0503a,A0229a
O=C(CCc1ccccc1Cl)Nc1ccc2[nH]ccc2c1,A0503a,A0229a
COc1ccccc1CCC(=O)Nc1ccc2[nH]ccc2c1,A0503a,A0229a
O=C(CCc1ccc(O)cc1)Nc1ccc2[nH]ccc2c1,A0503a,A0229a
O=C(CCc1cccc(O)c1)Nc1ccc2[nH]ccc2c1,A0503a,A0229a
NC(=O)c1ccc(CCC(=O)Nc2ccc3[nH]ccc3c2)cc1,A0503a,A0229a
CNS(=O)(=O)c1ccc(CCC(=O)Nc2ccc3[nH]ccc3c2)cc1,A0503a,A0229a
O=C(CCc1ccc(OC(F)F)cc1)Nc1ccc2[nH]ccc2c1,A0503a,A0229a
O=C(CC(c1ccccc1)c1ncc[nH]1)Nc1ccc2[nH]ccc2c1,A0503a,A0229a
COC(=O)c1ccccc1CCC(=O)Nc1ccc2[nH]ccc2c1,A0503a,A0229a
CCN(CC)S(=O)(=O)c1ccc(CCC(=O)Nc2ccc3[nH]ccc3c2)cc1,A0503a,A0229a
CCS(=O)(=O)c1ccc(CCC(=O)Nc2ccc3[nH]ccc3c2)cc1,A0503a,A0229a
NCc1cccc(CCC(=O)Nc2ccc3[nH]ccc3c2)c1,A0503a,A0229a
O=C(CCc1ccc(C(=O)O)cc1)Nc1ccc2[nH]ccc2c1,A0503a,A0229a
Cc1ccccc1CCC(=O)Nc1ccc2[nH]ccc2c1,A0503a,A0229a
O=C(CCc1ccccc1F)Nc1ccc2[nH]ccc2c1,A0503a,A0229a
CNCC(O)Cn1cnc2ccccc21,A0759a,A0503a
CC(O)CNCc1cccc(Cn2cnc3ccccc32)c1,A0759a,A0503a
CC(O)CNCc1ccc(Cn2cnc3ccccc32)cc1,A0759a,A0503a
CC(CNCc1ccc(-n2cnc3ccccc32)cc1)Oc1ccccc1,A0759a,A0503a
OC(CNCc1ccc(-n2cnc3ccccc32)cc1)Cc1ccccc1,A0759a,A0503a
CC(O)CNCC1CCN(C(=O)CCn2cnc3ccccc32)CC1,A0759a,A0503a
CC(O)CNCC1CCCN1C(=O)CCn1cnc2ccccc21,A0759a,A0503a
CN(CC(O)Cn1cnc2ccccc21)C1CC1,A0759a,A0503a
CC(O)CN(Cc1ccc(-n2cnc3ccccc32)cc1)C1CC1,A0759a,A0503a
CC(O)C(NCc1ccc(-n2cnc3ccccc32)cc1)c1ccccc1,A0759a,A0503a
OC(CNCc1ccc(-n2cnc3ccccc32)cc1)CN1CCc2ccccc2C1,A0759a,A0503a
CC(O)(CNCc1ccc(-n2cnc3ccccc32)cc1)C1CCCCC1,A0759a,A0503a
CC(O)CNCc1ccc(-n2cnc3ccccc32)cc1Cl,A0759a,A0503a
CC(O)CNCC1CCN(C(=O)CCn2cnc3ccccc32)CC1,A0759a,A0503a
CC(O)CN(C)c1cccc(-n2cnc3ccccc32)n1,A0759a,A0503a
CC(O)CNCc1ccc(-n2cnc3ccccc32)nc1,A0759a,A0503a
CC(O)CNCc1cccnc1-n1cnc2ccccc21,A0759a,A0503a
CC(O)CNCC1CCCN1C(=O)CCn1cnc2ccccc21,A0759a,A0503a
CC(O)CNCc1ccc(-n2cnc3ccccc32)cc1,A0759a,A0503a
CC(O)(CNCc1ccc(-n2cnc3ccccc32)cc1)C1CCCCC1,A0759a,A0503a
CC(O)CNCc1ccc(Cn2cnc3ccccc32)cc1,A0759a,A0503a
CC(O)CN(Cc1ccc(-n2cnc3ccccc32)cc1)C1CC1,A0759a,A0503a
OC(CNCc1ccc(-n2cnc3ccccc32)cc1)Cc1ccccc1,A0759a,A0503a
CC(O)C(NCc1ccc(-n2cnc3ccccc32)cc1)c1ccccc1,A0759a,A0503a
CC(CNCc1ccc(-n2cnc3ccccc32)cc1)Oc1ccccc1,A0759a,A0503a
OC(CNCc1ccc(-n2cnc3ccccc32)cc1)CN1CCc2ccccc2C1,A0759a,A0503a
CC(O)CNCc1ccc(-n2cnc3ccccc32)cc1Cl,A0759a,A0503a
CC(O)CNCc1cccc(Cn2cnc3ccccc32)c1,A0759a,A0503a
CC(O)CN(C)c1nc2ccccc2[nH]1,A0759a,A0503a
CNCC(C)Oc1nc2ccccc2[nH]1,A0759a,A0503a
CC(O)CNCc1nc2ccccc2[nH]1,A0759a,A0503a
CN1CCN(CC(O)CN(C)c2nc3ccccc3[nH]2)CC1,A0759a,A0503a
CN(CC(O)Cc1ccc(F)cc1)c1nc2ccccc2[nH]1,A0759a,A0503a
CC(O)CNCC1CCN(C(=O)CCc2nc3ccccc3[nH]2)CC1,A0759a,A0503a
CC(O)CNC(c1nc2ccccc2[nH]1)C1CCCCC1,A0759a,A0503a
OC(CNCc1nc2ccccc2[nH]1)CC1(O)CCCCC1,A0759a,A0503a
CN(CC(C)(O)C1CCCCC1)c1nc2ccccc2[nH]1,A0759a,A0503a
CC(O)CNCC1CCN(C(=O)CCc2nc3ccccc3[nH]2)CC1,A0759a,A0503a
OC(CNCc1nc2ccccc2[nH]1)CC1(O)CCCCC1,A0759a,A0503a
CN1CCN(CC(O)CN(C)c2nc3ccccc3[nH]2)CC1,A0759a,A0503a
CN(CC(O)CN1CCSCC1)c1nc2ccccc2[nH]1,A0759a,A0503a
CC(O)CN(Cc1cccnc1)c1nc2ccccc2[nH]1,A0759a,A0503a
CN(CC(O)CN1CCOCC1)c1nc2ccccc2[nH]1,A0759a,A0503a
CC(CNCc1ccccc1)Oc1nc2ccccc2[nH]1,A0759a,A0503a
CC(O)CN(Cc1ccccc1)c1nc2ccccc2[nH]1,A0759a,A0503a
CN(CC(C)(O)c1ccccc1)c1nc2ccccc2[nH]1,A0759a,A0503a
CN(CC(O)Cc1ccc(F)cc1)c1nc2ccccc2[nH]1,A0759a,A0503a
CC(O)CNCc1c[nH]c2ccccc12,A0229a,A0759a
CC(O)CNCc1cc2ccccc2[nH]1,A0229a,A0759a
CC(O)CNCc1cccc2[nH]ccc12,A0229a,A0759a
CC(O)CNCc1ccc2[nH]ccc2c1,A0229a,A0759a
CC(O)CNCc1ccc2cc[nH]c2c1,A0229a,A0759a
CC(O)CNCc1cccc2cc[nH]c12,A0229a,A0759a
CC(O)CNCC1CCCN1C(=O)c1c[nH]c2ccccc12,A0229a,A0759a
CC(O)CNCC1CCN(C(=O)c2c[nH]c3ccccc23)CC1,A0229a,A0759a
CC(O)CNCC1(CCNC(=O)c2cccc3cc[nH]c23)CC1,A0229a,A0759a
CC(O)CNCC1CCN(C(=O)c2cc3ccccc3[nH]2)CC1,A0229a,A0759a
CC(O)CNCC1CCCN1C(=O)c1cc2ccccc2[nH]1,A0229a,A0759a
CC(O)CNCc1cn(C)c2ccccc12,A0229a,A0759a
Cc1c(CNCC(C)O)c2ccccc2n1C,A0229a,A0759a
Cc1c(CNCC(C)O)n(C)c2ccccc12,A0229a,A0759a
CC(O)CNCc1cn(C(F)F)c2ccccc12,A0229a,A0759a
CC(O)CNCC1(NC(=O)c2cccc3cc[nH]c23)CCOCC1,A0229a,A0759a
CC(O)CNCC1CCC(CNC(=O)c2cccc3cc[nH]c23)CC1,A0229a,A0759a
CC(O)CNCc1c[nH]c2cc(Cl)ccc12,A0229a,A0759a
CC(O)CNCc1cc2cc(Cl)ccc2[nH]1,A0229a,A0759a
COC(=O)c1[nH]c2ccc(Cl)cc2c1CNCC(C)O,A0229a,A0759a
CC(O)CNCC1CCN(C(=O)c2ccc3[nH]ccc3c2)CC1,A0229a,A0759a
CC(O)CNCC1(NC(=O)c2cccc3cc[nH]c23)CCCC1,A0229a,A0759a
CC(O)CNCC1CCCN1C(=O)c1cccc2[nH]ccc12,A0229a,A0759a
CC(O)CNCC1CCN(C(=O)c2cccc3[nH]ccc23)CC1,A0229a,A0759a
CC(O)CNCC1CCC(CNC(=O)c2cccc3cc[nH]c23)CC1,A0229a,A0759a
CC(O)CNCC1CCC(NC(=O)c2cccc3cc[nH]c23)CC1,A0229a,A0759a
CC(O)CNCC1(NC(=O)c2cccc3cc[nH]c23)CCCCC1,A0229a,A0759a
CC(O)CNCc1cc2cc(Br)ccc2[nH]1,A0229a,A0759a
CC(O)CNCC1CN(C(=O)c2cccc3cc[nH]c23)CCO1,A0229a,A0759a
CC(O)CNCc1c[nH]c2cccc(C(F)(F)F)c12,A0229a,A0759a
CC(O)CNCC1CCCN1C(=O)CCc1c[nH]c2ccccc12,A0229a,A0759a
CC(O)CNCC1(NC(=O)c2cccc3cc[nH]c23)CCOCC1,A0229a,A0759a
CC(O)CNCC1CC(NC(=O)c2cccc3cc[nH]c23)C1,A0229a,A0759a
CC(O)CNCC1CCC(NC(=O)c2cccc3cc[nH]c23)CC1,A0229a,A0759a
CC(O)CNCC1(NC(=O)c2cccc3cc[nH]c23)CCCCC1,A0229a,A0759a
CC(O)CNCC1(NC(=O)c2cccc3cc[nH]c23)CCCC1,A0229a,A0759a
CC(O)CNCC1CCCN1C(=O)Cn1ccc2ccccc21,A0229a,A0759a
CC(O)CNCC1CCCN1C(=O)CCc1c[nH]c2ccccc12,A0229a,A0759a
CC(O)CNCC1CCCN1C(=O)c1cccc2cc[nH]c12,A0229a,A0759a
CC(O)CNCC1CCN(C(=O)c2cccc3cc[nH]c23)C1,A0229a,A0759a
CC(O)CNCC1CCCN1C(=O)Cc1c[nH]c2ccccc12,A0229a,A0759a
CC(O)CNCC1CCCN1C(=O)c1ccc2cc[nH]c2c1,A0229a,A0759a
CC(O)CNCC1CCCN1C(=O)c1cc2ccccc2[nH]1,A0229a,A0759a
CC(O)CNCC1CCCN1C(=O)CCc1ccc2[nH]ccc2c1,A0229a,A0759a
CC(O)CNCC1CCCN1C(=O)c1cccc2[nH]ccc12,A0229a,A0759a
CC(O)CNCC1CCCN1C(=O)CCn1ccc2ccccc21,A0229a,A0759a
CC(O)CNCC1CCCN1C(=O)c1c[nH]c2ccccc12,A0229a,A0759a
CC(O)CNCC1(CCNC(=O)c2cccc3cc[nH]c23)CC1,A0229a,A0759a
Cc1cc(C)c2cc(CNCC(C)O)[nH]c2c1,A0229a,A0759a
CC(O)CNCC1CN(C(=O)c2cccc3cc[nH]c23)CCO1,A0229a,A0759a
CC(O)CNCC1CCCN1C(=O)c1cccc2cc[nH]c12,A0229a,A0759a
CC(O)CNCC1CCN(C(=O)c2cccc3cc[nH]c23)C1,A0229a,A0759a
CC(O)CNCC1CCCN(C(=O)c2cccc3cc[nH]c23)C1,A0229a,A0759a
CC(O)CNCC1CCCCN1C(=O)c1cccc2cc[nH]c12,A0229a,A0759a
CC(O)CNCC1CCN(C(=O)c2cccc3cc[nH]c23)CC1,A0229a,A0759a
CC(O)CNCC12CCCC1CN(C(=O)c1cccc3cc[nH]c13)C2,A0229a,A0759a
CC(O)CNCc1cc2ccc(F)cc2[nH]1,A0229a,A0759a
CC(O)CNCC1CC(NC(=O)c2cccc3cc[nH]c23)C1,A0229a,A0759a
CC(O)CNCC1CCCN1C(=O)Cn1ccc2ccccc21,A0229a,A0759a
CC(O)CNCC1CCN(C(=O)Cn2ccc3ccccc32)CC1,A0229a,A0759a
CC(O)CNCC1CCCN1C(=O)CCc1ccc2[nH]ccc2c1,A0229a,A0759a
CC(O)CNCC1CCN(C(=O)CCc2ccc3[nH]ccc3c2)CC1,A0229a,A0759a
COc1ccc2[nH]cc(CNCC(C)O)c2c1,A0229a,A0759a
COC(=O)c1[nH]c2ccc(Cl)cc2c1CNCC(C)O,A0229a,A0759a
Cc1c(CNCC(C)O)n(C)c2ccccc12,A0229a,A0759a
CC(O)CNCC1CCCN1C(=O)c1ccc2cc[nH]c2c1,A0229a,A0759a
CC(O)CNCC1CCN(C(=O)c2ccc3cc[nH]c3c2)CC1,A0229a,A0759a
Cc1cc2cc(CNCC(C)O)ccc2[nH]1,A0229a,A0759a
Cc1[nH]c2ccccc2c1CNCC(C)O,A0229a,A0759a
Cc1cc2ccc(CNCC(C)O)cc2[nH]1,A0229a,A0759a
Cc1c(CNCC(C)O)c2ccccc2n1C,A0229a,A0759a
CC(O)CNCc1c[nH]c2cc(Br)ccc12,A0229a,A0759a
CC(O)CNCc1cc2ccc(Br)cc2[nH]1,A0229a,A0759a
COc1cccc2[nH]c(CNCC(C)O)cc12,A0229a,A0759a
Cc1ccc2[nH]c(CNCC(C)O)cc2c1C,A0229a,A0759a
CC(O)CNCC1CCCN1C(=O)Cc1c[nH]c2ccccc12,A0229a,A0759a
CC(O)CNCC1CCN(C(=O)Cc2c[nH]c3ccccc23)CC1,A0229a,A0759a
CC(O)CNCc1[nH]c2ccccc2c1Cl,A0229a,A0759a
Cc1cccc2[nH]c(CNCC(C)O)cc12,A0229a,A0759a
Cc1cc(C)c2cc(CNCC(C)O)[nH]c2c1,A0229a,A0759a
Cc1ccc2[nH]c(CNCC(C)O)cc2c1C,A0229a,A0759a
CC(O)CNCC12CCCC1CN(C(=O)c1cccc3cc[nH]c13)C2,A0229a,A0759a
CC(O)CNCC1CCN(C(=O)c2ccc3[nH]ccc3c2)CC1,A0229a,A0759a
CC(O)CNCC1CCCN(C(=O)c2cccc3cc[nH]c23)C1,A0229a,A0759a
CC(O)CNCC1CCCCN1C(=O)c1cccc2cc[nH]c12,A0229a,A0759a
CC(O)CNCC1CCN(C(=O)c2cccc3cc[nH]c23)CC1,A0229a,A0759a
CC(O)CNCC1CCN(C(=O)c2cccc3[nH]ccc23)CC1,A0229a,A0759a
CC(O)CNCC1CCN(C(=O)CCc2ccc3[nH]ccc3c2)CC1,A0229a,A0759a
CC(O)CNCC1CCN(C(=O)Cc2c[nH]c3ccccc23)CC1,A0229a,A0759a
CC(O)CNCC1CCN(C(=O)Cn2ccc3ccccc32)CC1,A0229a,A0759a
CC(O)CNCC1CCN(C(=O)c2c[nH]c3ccccc23)CC1,A0229a,A0759a
CC(O)CNCC1CCN(C(=O)c2cc3ccccc3[nH]2)CC1,A0229a,A0759a
CC(O)CNCC1CCN(C(=O)c2ccc3cc[nH]c3c2)CC1,A0229a,A0759a
CC(O)CNCC1CCN(C(=O)CCn2ccc3ccccc32)CC1,A0229a,A0759a
CC(O)CNCC1CCCN1C(=O)CCn1ccc2ccccc21,A0229a,A0759a
CC(O)CNCC1CCN(C(=O)CCn2ccc3ccccc32)CC1,A0229a,A0759a
CC(O)CNCc1cccc(NC(=O)CCN2CCOCC2)c1,A0503a,A0759a
CC(O)CNCC1CC(NC(=O)CCc2ccccc2)C1,A0503a,A0759a
CC(O)CNCC1CCC(NC(=O)CCc2ccccc2)CC1,A0503a,A0759a
CC(O)CNCC1(NC(=O)CCc2ccccc2)CCCCC1,A0503a,A0759a
CC(O)CNCC1CC(NC(=O)CCC2CCCC2)C1,A0503a,A0759a
CC(O)CNCC1CC(NC(=O)CCC2CCCCC2)C1,A0503a,A0759a
CC(O)CNCC1CC(NC(=O)CCc2ccccc2)C1,A0503a,A0759a
CCC(=O)Nc1cccc(CNCC(C)O)c1,A0503a,A0759a
CC(O)CNCc1cccc(NC(=O)CCN2CCOCC2)c1,A0503a,A0759a
CC(O)CNCC1(NC(=O)CCC2CCCC2)CCCC1,A0503a,A0759a
CC(O)CNCC1(NC(=O)CCC2CCCCC2)CCCCC1,A0503a,A0759a
CC(O)CNCC1CC(NC(=O)CCC2CCCCC2)C1,A0503a,A0759a
CC(O)CNCC1(NC(=O)CCC2CCCC2)CCOCC1,A0503a,A0759a
CC(O)CNCC1(NC(=O)CCC2CCCCC2)CCCCC1,A0503a,A0759a
CC(O)CNCC1CCC(NC(=O)CCc2ccccc2)CC1,A0503a,A0759a
CC(O)CNCC1(NC(=O)CCc2ccccc2)CCCCC1,A0503a,A0759a
CC(O)CNCC1(NC(=O)CCC2CCCC2)CCCC1,A0503a,A0759a
CC(O)CNCC1CC(NC(=O)CCC2CCCC2)C1,A0503a,A0759a
CC(O)CNCC1(NC(=O)CCC2CCCC2)CCOCC1,A0503a,A0759a
CC(O)CNCc1ccc2[nH]cnc2c1,A0503a,A0759a
CC(O)CNCc1nc2ccccc2[nH]1,A0503a,A0759a
CC(O)CNCc1ccc(-n2cnc3ccccc32)cc1,A0503a,A0759a
CC(O)CNCc1ccc(-n2cnc3ccccc32)cc1Cl,A0503a,A0759a
Cc1ccc2[nH]c(CNCC(C)O)nc2c1,A0503a,A0759a
CC(O)CNCc1nc2ccccc2n1C1CC1,A0503a,A0759a
CC(O)CNCc1ccc(-n2cnc3ccccc32)nc1,A0503a,A0759a
CC(O)CNCc1cccnc1-n1cnc2ccccc21,A0503a,A0759a
CC(O)CNCc1ccc(-n2cnc3ccccc32)cc1,A0503a,A0759a
CC(O)CNCc1ccc(Cn2cnc3ccccc32)cc1,A0503a,A0759a
CC(O)CNCc1cccc(Cn2cnc3ccccc32)c1,A0503a,A0759a
CC(O)CNCc1nc2cc(F)ccc2n1C,A0503a,A0759a
CC(O)CNCc1nc2ccccc2n1C,A0503a,A0759a
CC(O)CNCc1nc2cc(Cl)ccc2n1C,A0503a,A0759a
CC(O)CNCc1nc2cc(C(F)(F)F)ccc2n1C,A0503a,A0759a
CC(O)CNCc1ccc(Cn2cnc3ccccc32)cc1,A0503a,A0759a
CC(O)CNCc1cccc(Cn2cnc3ccccc32)c1,A0503a,A0759a
CC(O)CNCc1nc2cc(F)ccc2n1C,A0503a,A0759a
CC(O)CNCC1CCN(C(=O)CCn2cnc3ccccc32)CC1,A0503a,A0759a
CC(O)CNCC1CCCN1C(=O)CCn1cnc2ccccc21,A0503a,A0759a
CC(O)CNCc1nc2cc(Cl)ccc2n1C,A0503a,A0759a
CC(O)CNCc1nc2cc(Cl)c(F)cc2[nH]1,A0503a,A0759a
CC(O)CNCC1CCN(C(=O)CCn2cnc3ccccc32)CC1,A0503a,A0759a
CC(O)CNCC1CCN(C(=O)c2cccc3[nH]cnc23)CC1,A0503a,A0759a
CC(O)CNCC1CCN(C(=O)CCc2nc3ccccc3[nH]2)CC1,A0503a,A0759a
CC(O)CNCc1nc2cc(C(F)(F)F)ccc2n1C,A0503a,A0759a
CC(O)CNCC1CCN(C(=O)c2cccc3[nH]cnc23)CC1,A0503a,A0759a
CC(O)CNCC1CCCN1C(=O)c1cccc2[nH]cnc12,A0503a,A0759a
CC(O)CNCc1ccc(-n2cnc3ccccc32)nc1,A0503a,A0759a
CC(O)CNCc1cccnc1-n1cnc2ccccc21,A0503a,A0759a
CCc1nc2cc(CNCC(C)O)ccc2n1C1CC1,A0503a,A0759a
CC(O)CNCc1ccc2[nH]cnc2c1Cl,A0503a,A0759a
CC(O)CNCc1nc2c(Br)cccc2[nH]1,A0503a,A0759a
CC(O)CNCC1CCN(C(=O)CCc2nc3ccccc3[nH]2)CC1,A0503a,A0759a
CC(O)CNCC1CCCN1C(=O)CCn1cnc2ccccc21,A0503a,A0759a
CC(O)CNCC1CCCN1C(=O)c1cccc2[nH]cnc12,A0503a,A0759a
CC(O)CNCc1nc2ccccc2n1C1CC1,A0503a,A0759a
CCc1nc2cc(CNCC(C)O)ccc2n1C1CC1,A0503a,A0759a
CCn1c(CNCC(C)O)nc2ccccc21,A0503a,A0759a
CCn1c(CNCC(C)O)nc2cc(Br)ccc21,A0503a,A0759a
CC(O)CNCc1nc2cc(Cl)c(F)cc2[nH]1,A0503a,A0759a
CCn1c(CNCC(C)O)nc2cc(Br)ccc21,A0503a,A0759a
CC(O)CNCc1ccc(-n2cnc3ccccc32)cc1Cl,A0503a,A0759a
